计划出库日期,销售订单,送货站点名称,最早收货时间,最晚收货时间,经度,纬度,方量,线路名称,配送顺序,预计送达时间,预计离开时间,距离,行驶时间,线路单边里程,线路时间(单边),线路方量,最晚离仓时间,车型
2025-06-30,OM25062800002222,重庆中机中联工程有限公司,2025-06-30 06:30:00,2025-06-30 07:00:00,106.489784,29.538306,3399.8612,V021线,1,2025-06-30 06:30:00,2025-06-30 08:10:00,28.675,29.4,28.675,129.44,3399861.2,2025-06-30 06:01:00,大型面包车
2025-06-30,OM25062800005153,重庆市巴南区理想城幼儿园,2025-06-30 06:40:00,2025-06-30 07:00:00,106.528709,29.434222,145.833,V001线,1,2025-06-30 06:40:00,2025-06-30 07:02:00,43.147,42.2,43.147,64.43,145833.0,2025-06-30 05:58:00,小型面包车
2025-06-30,OM25062900000791,重庆金融街融迈置业有限公司,2025-06-30 06:50:00,2025-06-30 07:00:00,106.563338,29.583119,11.385,V002线,1,2025-06-30 06:50:00,2025-06-30 07:10:00,26.712,23.7,26.712,43.85,11385.0,2025-06-30 06:26:00,小型面包车
2025-06-30,OM25062900001778,重庆金融街融迈置业有限公司,2025-06-30 06:50:00,2025-06-30 07:00:00,106.563338,29.583119,5.364,V003线,1,2025-06-30 06:50:00,2025-06-30 07:10:00,26.712,23.7,26.712,43.76,5364.0,2025-06-30 06:26:00,小型面包车
2025-06-30,OM25062900002253,中建五局第三建设有限公司重庆分公司,2025-06-30 06:30:00,2025-06-30 06:35:00,106.50355,29.606218,407.3425,V004线,1,2025-06-30 06:30:00,2025-06-30 06:56:00,21.952,17.9,21.952,44.03,407342.5,2025-06-30 06:12:00,小型面包车
2025-06-30,OM25062900002400,重庆国际物流枢纽园区-领导餐,2025-06-30 06:50:00,2025-06-30 07:10:00,106.39973,29.641279,374.8105,V005线,1,2025-06-30 06:50:00,2025-06-30 07:16:00,6.722,9.6,6.722,35.22,374810.5,2025-06-30 06:40:00,小型面包车
2025-06-30,OM25062900002438,重庆市食品药品检验检测研究院-红案,2025-06-30 06:50:00,2025-06-30 07:00:00,106.521924,29.624062,564.153,V006线,1,2025-06-30 06:50:00,2025-06-30 07:19:00,20.166,18.6,20.166,47.66,564153.0,2025-06-30 06:31:00,小型面包车
2025-06-30,OM25062900002442,重庆建工第三建设有限责任公司高新建材分公司,2025-06-30 06:00:00,2025-06-30 07:05:00,106.694554,28.973976,599.7524,V007线,1,2025-06-30 06:00:00,2025-06-30 06:30:00,121.436,115.2,121.436,145.19,599752.35,2025-06-30 04:05:00,小型面包车
2025-06-30,OM25062900002518,中信银行-巴南支行（日配）,2025-06-30 06:40:00,2025-06-30 07:00:00,106.533595,29.384211,99.792,V008线,1,2025-06-30 06:40:00,2025-06-30 07:01:00,51.437,49.9,51.437,71.42,99792.0,2025-06-30 05:50:00,小型面包车
2025-06-30,OM25062900003525,江津食堂-学员,2025-06-30 06:20:00,2025-06-30 06:50:00,106.387972,29.270314,685.025,V009线,1,2025-06-30 06:20:00,2025-06-30 06:52:00,67.825,62.7,67.825,94.85,685025.0,2025-06-30 05:17:00,小型面包车
2025-06-30,OM25062900003859,上海浦东发展银行股份有限公司重庆分行,2025-06-30 06:20:00,2025-06-30 06:30:00,106.517299,29.622034,1363.9275,V010线,1,2025-06-30 06:20:00,2025-06-30 07:09:00,20.536,21.8,20.536,70.86,1363927.5,2025-06-30 05:58:00,小型面包车
2025-06-30,OM25062900004302,特勤局训练基地,2025-06-30 06:00:00,2025-06-30 06:01:00,106.629724,29.688896,153.06,V011线,1,2025-06-30 06:00:00,2025-06-30 06:22:00,32.316,31.4,32.316,53.66,153060.0,2025-06-30 05:29:00,小型面包车
2025-06-30,OM25062900004367,重庆市凤鸣山中学-3楼,2025-06-30 06:00:00,2025-06-30 06:01:00,106.455654,29.535218,88.3175,V012线,1,2025-06-30 06:00:00,2025-06-30 06:21:00,28.399,30.1,28.399,51.4,88317.5,2025-06-30 05:30:00,小型面包车
2025-06-30,OM25062900004417,重庆市凤鸣山中学-1楼,2025-06-30 06:00:00,2025-06-30 06:01:00,106.455654,29.535218,803.048,V013线,1,2025-06-30 06:00:00,2025-06-30 06:35:00,28.399,30.1,28.399,65.16,803048.0,2025-06-30 05:30:00,小型面包车
2025-06-30,OM25062900004460,特勤局训练基地,2025-06-30 06:00:00,2025-06-30 06:01:00,106.629724,29.688896,1016.506,V014线,1,2025-06-30 06:00:00,2025-06-30 06:40:00,32.316,31.4,32.316,71.77,1016506.0,2025-06-30 05:29:00,小型面包车
2025-06-30,OM25062900004495,重庆市公安局巴南区分局业务技术用房食堂,2025-06-30 06:20:00,2025-06-30 06:30:00,106.540238,29.37809,343.22,V015线,1,2025-06-30 06:20:00,2025-06-30 06:45:00,50.381,51.8,50.381,76.99,343220.0,2025-06-30 05:28:00,小型面包车
2025-06-30,OM25063000000175,重庆客百年农产品经营有限公司,2025-06-30 16:00:00,2025-06-30 18:00:00,106.278841,29.390591,751.746,V016线,1,2025-06-30 16:00:00,2025-06-30 16:34:00,40.778,42.2,40.778,76.03,751746.0,2025-06-30 15:18:00,小型面包车
2025-06-30,OM25063000002185,重庆市钱大妈供应链管理有限公司,2025-06-30 15:34:00,2025-06-30 16:34:00,106.38609,29.680634,541.098,V017线,1,2025-06-30 15:34:00,2025-06-30 16:03:00,0.932,1.9,0.932,30.45,541098.0,2025-06-30 15:32:00,小型面包车
2025-06-30,OM25062700007696,大足电网—运检食堂,2025-06-30 06:00:00,2025-06-30 06:25:00,105.742796,29.697112,771.7585,V019线,1,2025-06-30 06:00:00,2025-06-30 06:34:00,119.351,97.9,127.535,264.74,1296781.5,2025-06-30 04:22:00,小型面包车
2025-06-30,OM25062900003761,重庆市大足区气象局,2025-06-30 07:00:00,2025-06-30 07:30:00,105.716098,29.700127,70.302,V019线,2,2025-06-30 07:00:00,2025-06-30 07:21:00,3.544,7.0,,,,,小型面包车
2025-06-30,OM25062900005477,重庆农村商业银行股份有限公司大足支行,2025-06-30 08:20:00,2025-06-30 08:30:00,105.737082,29.69033,454.721,V019线,3,2025-06-30 08:20:00,2025-06-30 08:47:00,4.64,9.0,,,,,小型面包车
2025-06-30,OM25062900003611,江津食堂-基地,2025-06-30 06:20:00,2025-06-30 06:50:00,106.387972,29.270314,18.65,V020线,1,2025-06-30 06:20:00,2025-06-30 06:40:00,67.825,62.7,67.826,115.51,693600.0,2025-06-30 05:17:00,小型面包车
2025-06-30,OM25062900003621,江津食堂-基地化训练,2025-06-30 06:20:00,2025-06-30 06:50:00,106.387972,29.270314,674.95,V020线,2,2025-06-30 06:41:00,2025-06-30 07:13:00,0.001,0.6,,,,,小型面包车
2025-06-30,OM25062900001212,中国人民解放军陆军第九五三医院,2025-06-30 06:30:00,2025-06-30 07:30:00,106.396359,29.246407,55.4,V022线,1,2025-06-30 06:30:00,2025-06-30 06:51:00,75.9,71.0,85.216,145.34,270375.0,2025-06-30 05:19:00,大型面包车
2025-06-30,OM25062900001918,中国人民解放军联勤保障部队第九〇四医院,2025-06-30 06:30:00,2025-06-30 07:30:00,106.396359,29.246407,111.339,V022线,2,2025-06-30 06:51:00,2025-06-30 07:13:00,0.001,0.6,,,,,大型面包车
2025-06-30,OM25062900002305,陆军第八十一集团军医院,2025-06-30 06:30:00,2025-06-30 07:30:00,106.387972,29.270314,103.636,V022线,3,2025-06-30 07:23:00,2025-06-30 07:44:00,9.315,9.6,,,,,大型面包车
2025-06-30,OM25062700003666,重庆三峰卡万塔环境产业有限公司,2025-06-30 06:10:00,2025-06-30 06:30:00,106.494448,29.454464,220.9,V023线,1,2025-06-30 06:10:00,2025-06-30 06:33:00,40.951,38.4,56.083,220.96,359763.0,2025-06-30 05:32:00,大型面包车
2025-06-30,OM25062800002662,重庆农村商业银行股份有限公司巴南支行,2025-06-30 06:40:00,2025-06-30 07:00:00,106.544137,29.415566,10.8,V023线,2,2025-06-30 06:45:00,2025-06-30 07:06:00,13.806,12.2,,,,,大型面包车
2025-06-30,OM25062900004258,烤匠巴南万达广场店-员工餐,2025-06-30 08:30:00,2025-06-30 09:00:00,106.551076,29.405264,9.454,V023线,3,2025-06-30 08:30:00,2025-06-30 08:50:00,1.325,0.6,,,,,大型面包车
2025-06-30,OM25062900005339,烤匠巴南万达广场店,2025-06-30 08:30:00,2025-06-30 09:00:00,106.551076,29.405264,118.609,V023线,4,2025-06-30 08:51:00,2025-06-30 09:13:00,0.001,0.6,,,,,大型面包车
2025-06-30,OM25062500009183,重庆市巴南区房屋征收中心,2025-06-30 06:20:00,2025-06-30 06:50:00,106.563185,29.465776,70.559,V024线,1,2025-06-30 06:20:00,2025-06-30 06:41:00,42.158,41.6,57.444,191.76,655288.0,2025-06-30 05:38:00,大型面包车
2025-06-30,OM25062900002616,重庆农村商业银行股份有限公司巴南支行,2025-06-30 06:40:00,2025-06-30 07:00:00,106.544137,29.415566,574.229,V024线,2,2025-06-30 06:58:00,2025-06-30 07:28:00,13.961,17.3,,,,,大型面包车
2025-06-30,OM25062900006021,烤匠巴南万达广场店,2025-06-30 08:30:00,2025-06-30 09:00:00,106.551076,29.405264,10.5,V024线,3,2025-06-30 08:30:00,2025-06-30 08:50:00,1.325,0.6,,,,,大型面包车
2025-06-30,OM25062700006594,大足电网—机关食堂,2025-06-30 05:50:00,2025-06-30 06:10:00,105.738583,29.70041,1187.556,V025线,1,2025-06-30 05:50:00,2025-06-30 06:35:00,111.863,96.6,168.115,269.82,1903733.0,2025-06-30 04:13:00,大型面包车
2025-06-30,OM25062700006667,大足电网—城区食堂,2025-06-30 07:00:00,2025-06-30 07:20:00,105.70941,29.703558,559.851,V025线,2,2025-06-30 07:00:00,2025-06-30 07:29:00,3.483,6.4,,,,,大型面包车
2025-06-30,OM25062900005597,重庆市应能应急救援有限公司永川队,2025-06-30 07:00:00,2025-06-30 10:00:00,105.724175,29.34498,156.326,V025线,3,2025-06-30 08:21:00,2025-06-30 08:43:00,52.769,51.8,,,,,大型面包车
2025-06-30,OM25062900000373,高新区自来水-西彭,2025-06-30 05:50:00,2025-06-30 06:10:00,106.303766,29.332745,160.613,V026线,1,2025-06-30 05:50:00,2025-06-30 06:12:00,49.982,51.2,56.55,102.14,174725.0,2025-06-30 04:59:00,大型面包车
2025-06-30,OW25062700001101,铝都实验幼儿园-教师,2025-06-30 06:00:00,2025-06-30 06:30:00,106.335525,29.306186,14.112,V026线,2,2025-06-30 06:21:00,2025-06-30 06:41:00,6.568,8.3,,,,,大型面包车
2025-06-30,OM25062900002011,重庆九龙坡区铝都实验幼儿园,2025-06-30 06:00:00,2025-06-30 06:30:00,106.335525,29.306186,18.0,V027线,1,2025-06-30 06:00:00,2025-06-30 06:20:00,56.455,53.8,57.118,134.38,95627.0,2025-06-30 05:06:00,大型面包车
2025-06-30,OW25062700000082,铝都实验幼儿园-教师,2025-06-30 06:00:00,2025-06-30 06:30:00,106.335525,29.306186,36.003,V027线,2,2025-06-30 06:21:00,2025-06-30 06:41:00,0.005,0.6,,,,,大型面包车
2025-06-30,OW25062700000144,重庆九龙坡区铝都实验幼儿园大石堡分园,2025-06-30 07:00:00,2025-06-30 07:30:00,106.333469,29.309595,41.624,V027线,3,2025-06-30 07:00:00,2025-06-30 07:21:00,0.658,1.3,,,,,大型面包车
2025-06-30,OM25062700004921,重庆三峰卡万塔环境产业有限公司三,2025-06-30 06:10:00,2025-06-30 06:30:00,106.494448,29.454464,544.32,V028线,1,2025-06-30 06:10:00,2025-06-30 06:39:00,40.951,38.4,63.161,137.61,1216669.5,2025-06-30 05:32:00,大型面包车
2025-06-30,OM25062900003613,重庆农村商业银行股份有限公司巴南支行,2025-06-30 06:40:00,2025-06-30 07:00:00,106.544137,29.415566,104.628,V028线,2,2025-06-30 06:51:00,2025-06-30 07:12:00,13.806,12.2,,,,,大型面包车
2025-06-30,OM25062900003965,重庆数智产业园建设实业有限公司,2025-06-30 07:10:00,2025-06-30 07:30:00,106.610019,29.393231,567.7215,V028线,3,2025-06-30 07:20:00,2025-06-30 07:49:00,8.404,7.7,,,,,大型面包车
2025-06-30,OM25062000005494,中国人民解放军78007部队,2025-06-30 06:30:00,2025-06-30 07:00:00,106.569953,29.481373,3.4875,V029线,1,2025-06-30 06:30:00,2025-06-30 06:50:00,38.944,37.1,38.944,78.46,89155.0,2025-06-30 05:53:00,大型面包车
2025-06-30,OM25062900004329,中国人民解放军78007部队,2025-06-30 06:30:00,2025-06-30 07:00:00,106.569953,29.481373,85.6675,V029线,2,2025-06-30 06:50:00,2025-06-30 07:11:00,0.0,0.0,,,,,大型面包车
2025-06-30,OM25062700001717,重庆市巴南区人民政府鱼洞街道办事处,2025-06-30 05:55:00,2025-06-30 06:15:00,106.524153,29.385368,421.192,V030线,1,2025-06-30 05:55:00,2025-06-30 06:21:00,51.633,49.9,56.799,138.95,844748.71,2025-06-30 05:05:00,大型面包车
2025-06-30,OM25062900002980,巴南人保,2025-06-30 06:30:00,2025-06-30 07:00:00,106.527503,29.38604,137.0227,V030线,2,2025-06-30 06:30:00,2025-06-30 06:52:00,0.082,0.6,,,,,大型面包车
2025-06-30,OM25062900005684,道角检修基地,2025-06-30 06:50:00,2025-06-30 07:10:00,106.548796,29.391216,286.534,V030线,3,2025-06-30 07:00:00,2025-06-30 07:24:00,5.084,7.7,,,,,大型面包车
2025-06-30,OM25062700003763,重庆人文艺术职业学校,2025-06-30 05:55:00,2025-06-30 06:35:00,106.595651,29.423402,1198.497,V031线,1,2025-06-30 05:55:00,2025-06-30 06:40:00,49.419,49.3,65.253,169.0,1513347.5,2025-06-30 05:06:00,大型面包车
2025-06-30,OM25062900005399,重庆市巴南区人民政府南彭街道办事处,2025-06-30 07:30:00,2025-06-30 07:50:00,106.661351,29.349681,314.8505,V031线,2,2025-06-30 07:30:00,2025-06-30 07:55:00,15.834,19.2,,,,,大型面包车
2025-06-30,OM25062900002363,中铁一局-新拌合站（东站）,2025-06-30 06:20:00,2025-06-30 06:30:00,106.684044,29.502553,63.395,V032线,1,2025-06-30 06:20:00,2025-06-30 06:41:00,48.733,38.4,53.167,84.43,103105.0,2025-06-30 05:42:00,大型面包车
2025-06-30,OM25062900003430,中铁一局-客机所,2025-06-30 06:30:00,2025-06-30 07:00:00,106.713794,29.5046,39.71,V032线,2,2025-06-30 06:45:00,2025-06-30 07:06:00,4.434,4.5,,,,,大型面包车
2025-06-30,OM25062900003668,国家税务总局重庆市璧山区税务局大路所,2025-06-30 06:00:00,2025-06-30 06:30:00,106.238898,29.586376,23.412,V033线,1,2025-06-30 06:00:00,2025-06-30 06:20:00,32.106,30.1,32.107,86.4,836661.0,2025-06-30 05:30:00,大型面包车
2025-06-30,OM25062900003696,国家税务总局重庆市璧山区税务局,2025-06-30 06:00:00,2025-06-30 06:30:00,106.238898,29.586376,813.249,V033线,2,2025-06-30 06:21:00,2025-06-30 06:56:00,0.001,0.6,,,,,大型面包车
2025-06-30,OM25062700004395,国家税务总局重庆市税务局第五稽查局,2025-06-30 06:00:00,2025-06-30 06:20:00,106.645811,29.48559,858.574,V034线,1,2025-06-30 06:00:00,2025-06-30 06:36:00,47.149,37.8,63.061,166.65,2402624.75,2025-06-30 05:22:00,大型面包车
2025-06-30,OM25062900003025,中铁二十局集团房地产开发有限公司,2025-06-30 06:30:00,2025-06-30 07:00:00,106.656399,29.503125,357.9028,V034线,2,2025-06-30 06:43:00,2025-06-30 07:08:00,2.769,6.4,,,,,大型面包车
2025-06-30,OM25062900003575,蓝月亮（重庆）有限公司,2025-06-30 07:10:00,2025-06-30 07:30:00,106.633193,29.410934,1186.148,V034线,3,2025-06-30 07:24:00,2025-06-30 08:09:00,13.143,16.0,,,,,大型面包车
2025-06-30,OM25062800003739,招商万桥（重庆）科技有限公司,2025-06-30 06:30:00,2025-06-30 07:00:00,106.69207,29.535359,607.308,V035线,1,2025-06-30 06:30:00,2025-06-30 07:00:00,43.202,37.1,50.101,101.07,799742.0,2025-06-30 05:53:00,大型面包车
2025-06-30,OM25062900001944,重庆市南岸区贝立方幼儿园,2025-06-30 06:50:00,2025-06-30 07:20:00,106.653274,29.518215,192.434,V035线,2,2025-06-30 07:11:00,2025-06-30 07:34:00,6.899,10.9,,,,,大型面包车
2025-06-30,OM25062900000339,高新区自来水-西所食堂,2025-06-30 06:00:00,2025-06-30 06:20:00,106.351461,29.5216,143.458,V037线,1,2025-06-30 06:00:00,2025-06-30 06:22:00,18.918,16.6,30.421,78.51,268081.0,2025-06-30 05:43:00,大型面包车
2025-06-30,OM25062900004346,中建五局—大健康项目,2025-06-30 06:40:00,2025-06-30 06:45:00,106.36498,29.453554,124.623,V037线,2,2025-06-30 06:40:00,2025-06-30 07:02:00,11.503,12.2,,,,,大型面包车
2025-06-30,OM25062800000907,重庆市渝北区道路运输事务中心工会委员会,2025-06-30 06:00:00,2025-06-30 06:20:00,106.619487,29.698856,13.344,V038线,1,2025-06-30 06:00:00,2025-06-30 06:20:00,30.983,27.5,32.487,74.03,135627.0,2025-06-30 05:32:00,大型面包车
2025-06-30,OW25062900001003,渝北区交巡警-事故预防及处理大队,2025-06-30 06:00:00,2025-06-30 06:30:00,106.62299,29.694099,122.283,V038线,2,2025-06-30 06:25:00,2025-06-30 06:47:00,1.504,4.5,,,,,大型面包车
2025-06-30,OM25062900001861,渝北区消防救援支队-空港新城站点,2025-06-30 06:00:00,2025-06-30 06:30:00,106.605248,29.715429,335.9325,V039线,1,2025-06-30 06:00:00,2025-06-30 06:25:00,28.833,26.2,30.144,76.96,586588.0,2025-06-30 05:34:00,大型面包车
2025-06-30,OW25062900000026,渝北区交巡警-双龙大队,2025-06-30 06:00:00,2025-06-30 06:30:00,106.60536,29.713829,250.6555,V039线,2,2025-06-30 06:27:00,2025-06-30 06:51:00,1.311,1.9,,,,,大型面包车
2025-06-30,OM25062700001814,重庆市南岸区房屋征收中心,2025-06-30 05:59:00,2025-06-30 06:20:00,106.587459,29.543327,139.22,V040线,1,2025-06-30 05:59:00,2025-06-30 06:21:00,34.481,33.3,39.517,84.97,267290.0,2025-06-30 05:26:00,大型面包车
2025-06-30,OM25062900005079,中信银行-经开支行（日配）,2025-06-30 06:00:00,2025-06-30 06:40:00,106.568756,29.536444,128.07,V040线,2,2025-06-30 06:29:00,2025-06-30 06:51:00,5.036,7.7,,,,,大型面包车
2025-06-30,OM25062900002507,耐德-龙兴,2025-06-30 05:00:00,2025-06-30 05:30:00,106.772502,29.681089,256.8,V041线,1,2025-06-30 05:00:00,2025-06-30 05:24:00,46.003,35.2,52.756,137.83,1362114.0,2025-06-30 04:25:00,大型面包车
2025-06-30,OM25062900005005,重庆两江新区鱼复工业园建设投资有限公司（日配）,2025-06-30 06:00:00,2025-06-30 06:10:00,106.761989,29.632985,1105.314,V041线,2,2025-06-30 06:00:00,2025-06-30 06:43:00,6.753,9.0,,,,,大型面包车
2025-06-30,OM25062800001921,重庆凯源石油天然气有限责任公司巴南分公司,2025-06-30 05:30:00,2025-06-30 06:00:00,106.527229,29.467279,42.52,V042线,1,2025-06-30 05:30:00,2025-06-30 05:51:00,39.694,38.4,52.744,134.8,906772.0,2025-06-30 04:52:00,大型面包车
2025-06-30,OM25062800001926,重庆凯源石油天然气有限责任公司巴南分公司,2025-06-30 05:30:00,2025-06-30 06:00:00,106.527229,29.467279,4.5,V042线,2,2025-06-30 05:51:00,2025-06-30 06:11:00,0.0,0.0,,,,,大型面包车
2025-06-30,OM25062900004496,重庆市公安局巴南区分局业务技术用房食堂,2025-06-30 06:20:00,2025-06-30 06:30:00,106.540238,29.37809,859.752,V042线,3,2025-06-30 06:30:00,2025-06-30 07:06:00,13.05,19.2,,,,,大型面包车
2025-06-30,OM25062900004502,重庆凯源石油天然气有限责任公司巴南分公司,2025-06-30 05:30:00,2025-06-30 06:00:00,106.527229,29.467279,227.7396,V043线,1,2025-06-30 05:30:00,2025-06-30 05:53:00,39.694,38.4,52.744,110.36,358406.8,2025-06-30 04:52:00,大型面包车
2025-06-30,OM25062900005567,重庆市公安局巴南区分局业务技术用房食堂,2025-06-30 06:20:00,2025-06-30 06:30:00,106.540238,29.37809,130.6672,V043线,2,2025-06-30 06:20:00,2025-06-30 06:42:00,13.05,19.2,,,,,大型面包车
2025-06-30,OM25062700004812,重庆市环境卫生事务中心,2025-06-30 06:00:00,2025-06-30 06:30:00,106.51557,29.585954,26.649,V044线,1,2025-06-30 06:00:00,2025-06-30 06:20:00,23.776,25.0,23.776,67.77,187564.0,2025-06-30 05:35:00,大型面包车
2025-06-30,OM25062900004328,重庆市环境卫生事务中心,2025-06-30 06:00:00,2025-06-30 06:30:00,106.51557,29.585954,160.915,V044线,2,2025-06-30 06:20:00,2025-06-30 06:43:00,0.0,0.0,,,,,大型面包车
2025-06-30,OM25062700004711,中信银行股份有限公司重庆渝中支行（日配）,2025-06-30 06:20:00,2025-06-30 06:40:00,106.580104,29.560173,78.002,V045线,1,2025-06-30 06:20:00,2025-06-30 06:41:00,30.756,35.2,33.522,85.98,206812.75,2025-06-30 05:45:00,大型面包车
2025-06-30,OM25062900003245,重庆市渝中区文化和旅游发展委员会,2025-06-30 06:30:00,2025-06-30 06:50:00,106.573154,29.560096,128.8107,V045线,2,2025-06-30 06:49:00,2025-06-30 07:11:00,2.766,7.7,,,,,大型面包车
2025-06-30,OM25062900002710,重庆国宾妇产医院有限公司-vip食堂,2025-06-30 06:20:00,2025-06-30 06:30:00,106.551376,29.564366,389.701,V046线,1,2025-06-30 06:20:00,2025-06-30 06:46:00,28.701,30.1,29.43,78.05,403040.0,2025-06-30 05:50:00,大型面包车
2025-06-30,OM25062900005627,口腔医院上清寺站点,2025-06-30 06:20:00,2025-06-30 06:50:00,106.553026,29.565573,13.339,V046线,2,2025-06-30 06:48:00,2025-06-30 07:08:00,0.729,1.9,,,,,大型面包车
2025-06-30,OM25062700007434,重庆市渝北区体育事业发展中心,2025-06-30 06:30:00,2025-06-30 06:50:00,106.575232,29.723521,89.01,V047线,1,2025-06-30 06:30:00,2025-06-30 06:51:00,26.115,22.4,28.032,74.43,375400.0,2025-06-30 06:08:00,大型面包车
2025-06-30,OW25062700000022,重庆市渝北区盛果誉峰幼儿园,2025-06-30 06:30:00,2025-06-30 07:00:00,106.583455,29.7242,286.39,V047线,2,2025-06-30 06:58:00,2025-06-30 07:22:00,1.917,6.4,,,,,大型面包车
2025-06-30,OM25062800004446,电信老机关食堂,2025-06-30 05:10:00,2025-06-30 05:30:00,106.520534,29.545507,24.0,V048线,1,2025-06-30 05:10:00,2025-06-30 05:30:00,30.028,32.6,31.214,102.88,1188928.0,2025-06-30 04:37:00,大型面包车
2025-06-30,OM25062900003573,重庆建工第三建设有限责任公司,2025-06-30 05:20:00,2025-06-30 05:40:00,106.523517,29.537887,1164.928,V048线,2,2025-06-30 05:36:00,2025-06-30 06:20:00,1.186,5.8,,,,,大型面包车
2025-06-30,OM25062700007235,重庆市九龙坡区人民政府中梁山街道办事处,2025-06-30 06:20:00,2025-06-30 06:40:00,106.450784,29.46597,10.8158,V049线,1,2025-06-30 06:20:00,2025-06-30 06:40:00,40.883,40.3,44.806,109.37,572795.84,2025-06-30 05:40:00,大型面包车
2025-06-30,OM25062900005934,中梁山基地,2025-06-30 07:00:00,2025-06-30 07:01:00,106.444222,29.44153,561.98,V049线,2,2025-06-30 07:00:00,2025-06-30 07:29:00,3.923,7.0,,,,,大型面包车
2025-06-30,OM25062700003369,重庆市江北区复盛镇人民政府,2025-06-30 06:00:00,2025-06-30 06:30:00,106.800921,29.652905,453.824,V050线,1,2025-06-30 06:00:00,2025-06-30 06:27:00,48.725,36.5,57.541,209.86,927166.98,2025-06-30 05:24:00,大型面包车
2025-06-30,OM25062900004879,十五中队,2025-06-30 06:30:00,2025-06-30 07:00:00,106.804464,29.648298,248.308,V050线,2,2025-06-30 06:33:00,2025-06-30 06:57:00,2.592,6.4,,,,,大型面包车
2025-06-30,OM25062900005582,江北中队,2025-06-30 08:30:00,2025-06-30 08:50:00,106.831191,29.653835,225.035,V050线,3,2025-06-30 08:30:00,2025-06-30 08:53:00,6.224,10.2,,,,,大型面包车
2025-06-30,OM25062800001967,重庆瑜煌电力设备制造有限公司-干副,2025-06-30 07:00:00,2025-06-30 07:30:00,106.481465,29.771363,152.16,V051线,1,2025-06-30 07:00:00,2025-06-30 07:22:00,21.965,23.0,21.966,92.01,1394260.0,2025-06-30 06:37:00,大型面包车
2025-06-30,OM25062900003474,重庆瑜煌电力设备制造有限公司-蔬菜,2025-06-30 07:00:00,2025-06-30 07:30:00,106.481465,29.771363,1242.1,V051线,2,2025-06-30 07:23:00,2025-06-30 08:09:00,0.001,0.6,,,,,大型面包车
2025-06-30,OM25062700005495,重庆市人口和计划生育科学技术研究院附属医院,2025-06-30 05:55:00,2025-06-30 06:15:00,106.537811,29.590335,8.256,V052线,1,2025-06-30 05:55:00,2025-06-30 06:15:00,23.971,23.0,36.462,112.72,1678344.0,2025-06-30 05:32:00,大型面包车
2025-06-30,OM25062900003748,保税港港欣1号餐厅,2025-06-30 06:10:00,2025-06-30 06:30:00,106.60369,29.632117,1670.088,V052线,2,2025-06-30 06:28:00,2025-06-30 07:25:00,12.491,12.8,,,,,大型面包车
2025-06-30,OM25062900001208,考试中心（应急管理局干副）,2025-06-30 06:00:00,2025-06-30 06:30:00,106.506619,29.62111,2.88,V053线,1,2025-06-30 06:00:00,2025-06-30 06:20:00,20.182,15.4,20.183,70.62,786078.0,2025-06-30 05:45:00,大型面包车
2025-06-30,OM25062900004518,考试中心（应急管理局菜）,2025-06-30 06:00:00,2025-06-30 06:30:00,106.506619,29.62111,783.198,V053线,2,2025-06-30 06:21:00,2025-06-30 06:55:00,0.001,0.6,,,,,大型面包车
2025-06-30,OM25062900003087,渝北区消防救援支队-龙溪站点,2025-06-30 06:00:00,2025-06-30 06:30:00,106.530134,29.594603,72.4702,V054线,1,2025-06-30 06:00:00,2025-06-30 06:21:00,23.289,21.1,27.398,73.05,325701.23,2025-06-30 05:39:00,大型面包车
2025-06-30,OM25062900004410,重庆市环境卫生事务中心,2025-06-30 06:00:00,2025-06-30 06:30:00,106.51557,29.585954,253.231,V054线,2,2025-06-30 06:28:00,2025-06-30 06:52:00,4.109,7.0,,,,,大型面包车
2025-06-30,OM25062700003916,长江重庆航道工程局,2025-06-30 05:40:00,2025-06-30 06:00:00,106.591757,29.56081,53.64,V055线,1,2025-06-30 05:40:00,2025-06-30 06:01:00,32.555,38.4,37.268,87.93,80536.0,2025-06-30 05:02:00,大型面包车
2025-06-30,OM25062900006008,重庆颐天康养产业发展有限公司,2025-06-30 05:50:00,2025-06-30 06:10:00,106.556505,29.562989,26.896,V055线,2,2025-06-30 06:09:00,2025-06-30 06:30:00,4.713,8.3,,,,,大型面包车
2025-06-30,OM25062700001673,重庆志阳电气有限公司,2025-06-30 06:35:00,2025-06-30 06:45:00,106.645588,29.765431,454.8982,V056线,1,2025-06-30 06:35:00,2025-06-30 07:02:00,37.911,37.8,42.936,125.87,661979.75,2025-06-30 05:57:00,大型面包车
2025-06-30,OM25062900005899,渝北中队,2025-06-30 07:40:00,2025-06-30 08:00:00,106.636653,29.792881,207.0815,V056线,2,2025-06-30 07:40:00,2025-06-30 08:03:00,5.025,7.0,,,,,大型面包车
2025-06-30,OM25062900002909,重庆市九龙坡区市场监督管理局,2025-06-30 06:00:00,2025-06-30 06:20:00,106.519389,29.511181,345.906,V057线,1,2025-06-30 06:00:00,2025-06-30 06:25:00,32.003,30.1,34.727,89.61,747276.0,2025-06-30 05:30:00,大型面包车
2025-06-30,OM25062900005697,大堰综合基地,2025-06-30 06:30:00,2025-06-30 07:00:00,106.506674,29.504412,401.37,V057线,2,2025-06-30 06:34:00,2025-06-30 07:00:00,2.724,8.3,,,,,大型面包车
2025-06-30,OM25062700003872,重庆市教育科学研究院,2025-06-30 06:10:00,2025-06-30 06:30:00,106.549354,29.560878,48.0,V058线,1,2025-06-30 06:10:00,2025-06-30 06:31:00,28.819,30.1,40.442,85.85,69908.0,2025-06-30 05:40:00,大型面包车
2025-06-30,OM25062900004953,中国人民解放军32605部队-保障四队3号食堂 六公里站点,2025-06-30 06:30:00,2025-06-30 06:50:00,106.583895,29.494683,21.908,V058线,2,2025-06-30 06:45:00,2025-06-30 07:06:00,11.623,14.7,,,,,大型面包车
2025-06-30,OM25062700005370,回兴路食堂,2025-06-30 05:50:00,2025-06-30 06:10:00,106.6134,29.688502,264.772,V059线,1,2025-06-30 05:50:00,2025-06-30 06:14:00,30.58,32.0,34.047,112.96,671734.0,2025-06-30 05:18:00,大型面包车
2025-06-30,OM25062900002055,重庆市渝北区道路运输事务中心工会委员会,2025-06-30 06:00:00,2025-06-30 06:20:00,106.619487,29.698856,179.044,V059线,2,2025-06-30 06:20:00,2025-06-30 06:42:00,1.824,5.8,,,,,大型面包车
2025-06-30,OW25062900001029,渝北区交巡警-回兴大队,2025-06-30 06:20:00,2025-06-30 06:50:00,106.61362,29.700564,227.918,V059线,3,2025-06-30 06:48:00,2025-06-30 07:11:00,1.643,5.1,,,,,大型面包车
2025-06-30,OM25062700003840,沙坪坝区公园管理中心,2025-06-30 06:10:00,2025-06-30 06:30:00,106.478925,29.554136,332.185,V060线,1,2025-06-30 06:10:00,2025-06-30 06:35:00,27.539,26.9,31.907,96.31,1202785.0,2025-06-30 05:43:00,大型面包车
2025-06-30,OM25062900003544,陆军军医大学一食堂,2025-06-30 06:20:00,2025-06-30 06:50:00,106.458697,29.540749,870.6,V060线,2,2025-06-30 06:43:00,2025-06-30 07:19:00,4.368,7.7,,,,,大型面包车
2025-06-30,OM25062700003112,重庆市九龙坡区环境卫生管理处,2025-06-30 05:50:00,2025-06-30 06:10:00,106.515357,29.501573,242.437,V061线,1,2025-06-30 05:50:00,2025-06-30 06:14:00,33.271,31.4,37.264,92.19,297569.0,2025-06-30 05:19:00,大型面包车
2025-06-30,OW25062700000104,静苑观江岭幼儿园,2025-06-30 06:30:00,2025-06-30 06:50:00,106.541018,29.504005,55.132,V061线,2,2025-06-30 06:30:00,2025-06-30 06:51:00,3.993,7.7,,,,,大型面包车
2025-06-30,OM25062700007492,重庆市巴南区人民政府惠民街道办事处,2025-06-30 06:20:00,2025-06-30 06:30:00,106.714731,29.464225,672.417,V062线,1,2025-06-30 06:20:00,2025-06-30 06:52:00,53.814,41.0,69.894,113.43,982949.0,2025-06-30 05:39:00,大型面包车
2025-06-30,OM25062900001908,招商智翔道路科技（重庆）有限公司,2025-06-30 07:00:00,2025-06-30 07:30:00,106.644376,29.479177,310.532,V062线,2,2025-06-30 07:08:00,2025-06-30 07:32:00,16.08,16.0,,,,,大型面包车
2025-06-30,OM25062700002925,重庆市大渡口区八桥镇人民政府,2025-06-30 06:30:00,2025-06-30 07:08:00,106.487723,29.464073,410.293,V063线,1,2025-06-30 06:30:00,2025-06-30 06:56:00,35.99,37.1,73.095,145.06,806802.0,2025-06-30 05:53:00,大型面包车
2025-06-30,OM25062900000465,二号线白居寺车辆段,2025-06-30 06:50:00,2025-06-30 07:30:00,106.441199,29.397201,41.624,V063线,2,2025-06-30 07:08:00,2025-06-30 07:29:00,13.983,12.2,,,,,大型面包车
2025-06-30,OM25062900004471,重庆丰盛时代餐饮管理有限公司,2025-06-30 07:30:00,2025-06-30 08:00:00,106.368733,29.360143,354.885,V063线,3,2025-06-30 07:53:00,2025-06-30 08:18:00,23.122,23.7,,,,,大型面包车
2025-06-30,OM25062700007680,长江重庆航道局,2025-06-30 06:00:00,2025-06-30 06:45:00,106.533262,29.609008,521.2753,V064线,1,2025-06-30 06:00:00,2025-06-30 06:28:00,21.765,19.2,24.236,77.93,1021142.25,2025-06-30 05:41:00,大型面包车
2025-06-30,OM25062900002164,重庆市港航海事事务中心,2025-06-30 06:20:00,2025-06-30 06:40:00,106.532812,29.590116,499.867,V064线,2,2025-06-30 06:31:00,2025-06-30 06:59:00,2.471,3.2,,,,,大型面包车
2025-06-30,OM25062900004742,浙商银行-商务接待,2025-06-30 06:00:00,2025-06-30 06:30:00,106.496322,29.619746,62.12,V065线,1,2025-06-30 06:00:00,2025-06-30 06:21:00,19.396,17.9,22.029,66.85,253738.0,2025-06-30 05:42:00,大型面包车
2025-06-30,OW25062900001095,重庆东彭物业管理有限公司,2025-06-30 06:00:00,2025-06-30 06:30:00,106.519562,29.616892,191.618,V065线,2,2025-06-30 06:26:00,2025-06-30 06:49:00,2.633,5.1,,,,,大型面包车
2025-06-30,OM25062900001323,重庆市公安局特勤局,2025-06-30 06:30:00,2025-06-30 06:50:00,106.519062,29.606843,83.9384,V066线,1,2025-06-30 06:30:00,2025-06-30 06:51:00,22.826,19.2,27.823,69.94,161308.375,2025-06-30 06:11:00,大型面包车
2025-06-30,OM25062900006229,两江新区人民医院-小卖部,2025-06-30 06:30:00,2025-06-30 07:00:00,106.537816,29.62831,77.37,V066线,2,2025-06-30 07:00:00,2025-06-30 07:21:00,4.997,8.3,,,,,大型面包车
2025-06-30,OM25062900004122,重庆市巴渝学校,2025-06-30 05:10:00,2025-06-30 05:30:00,106.473143,29.49352,1.62,V067线,1,2025-06-30 05:10:00,2025-06-30 05:30:00,32.453,32.0,38.142,94.35,158415.0,2025-06-30 04:38:00,大型面包车
2025-06-30,OW25062800000074,恒大小金星幼儿园-学生,2025-06-30 05:50:00,2025-06-30 06:10:00,106.453207,29.481983,156.795,V067线,2,2025-06-30 05:50:00,2025-06-30 06:12:00,5.689,8.3,,,,,大型面包车
2025-06-30,OM25062800003818,园林技工学校-教师,2025-06-30 06:10:00,2025-06-30 06:30:00,106.529903,29.539833,3.6,V068线,1,2025-06-30 06:10:00,2025-06-30 06:30:00,30.874,32.0,43.643,143.98,360066.9,2025-06-30 05:38:00,大型面包车
2025-06-30,OM25062900005810,中国人民解放军32605部队-八公里车材站点,2025-06-30 06:30:00,2025-06-30 06:50:00,106.565944,29.48888,224.7579,V068线,2,2025-06-30 06:45:00,2025-06-30 07:08:00,11.742,14.7,,,,,大型面包车
2025-06-30,OM25062900007097,252513-巴南站点,2025-06-30 07:40:00,2025-06-30 08:00:00,106.566114,29.488635,131.709,V068线,3,2025-06-30 07:40:00,2025-06-30 08:02:00,1.027,2.6,,,,,大型面包车
2025-06-30,OM25062700005388,回兴路食堂,2025-06-30 05:50:00,2025-06-30 06:10:00,106.6134,29.688502,188.614,V069线,1,2025-06-30 05:50:00,2025-06-30 06:13:00,30.58,32.0,37.659,112.67,524406.5,2025-06-30 05:18:00,大型面包车
2025-06-30,OM25062900003197,渝北区消防救援支队-台商站点,2025-06-30 06:00:00,2025-06-30 06:30:00,106.616885,29.676158,77.3065,V069线,2,2025-06-30 06:19:00,2025-06-30 06:40:00,2.536,5.8,,,,,大型面包车
2025-06-30,OM25062900004894,十一中队,2025-06-30 06:40:00,2025-06-30 07:00:00,106.631277,29.685932,258.486,V069线,3,2025-06-30 06:47:00,2025-06-30 07:11:00,4.543,7.0,,,,,大型面包车
2025-06-30,OM25062700003851,沙坪坝区公园管理中心-沙坪公园,2025-06-30 06:10:00,2025-06-30 06:30:00,106.478925,29.554136,41.619,V070线,1,2025-06-30 06:10:00,2025-06-30 06:31:00,27.539,26.9,40.005,117.13,736403.0,2025-06-30 05:43:00,大型面包车
2025-06-30,OM25062800000677,重庆市九龙坡区人民政府二郎街道办事处,2025-06-30 06:30:00,2025-06-30 07:00:00,106.455966,29.510073,564.419,V070线,2,2025-06-30 06:42:00,2025-06-30 07:11:00,8.102,11.5,,,,,大型面包车
2025-06-30,OM25062800005685,沙环卫-转运科,2025-06-30 07:00:00,2025-06-30 07:30:00,106.461372,29.532614,130.365,V070线,3,2025-06-30 07:18:00,2025-06-30 07:40:00,4.364,7.0,,,,,大型面包车
2025-06-30,OM25062900000388,中国人民武装警察部队重庆市总队机关服务中心,2025-06-30 06:20:00,2025-06-30 06:40:00,106.506101,29.596163,93.5082,V071线,1,2025-06-30 06:20:00,2025-06-30 06:41:00,21.147,22.4,22.821,76.34,587950.2,2025-06-30 05:58:00,大型面包车
2025-06-30,OM25062900000991,重庆中法供水-松树桥食堂,2025-06-30 06:30:00,2025-06-30 06:50:00,106.50817,29.588904,494.442,V071线,2,2025-06-30 06:47:00,2025-06-30 07:14:00,1.674,5.1,,,,,大型面包车
2025-06-30,OM25062800004609,重庆市沙坪坝区教师进修学院,2025-06-30 06:00:00,2025-06-30 06:30:00,106.475918,29.5642,336.8505,V072线,1,2025-06-30 06:00:00,2025-06-30 06:25:00,25.382,24.3,32.674,82.85,467225.5,2025-06-30 05:36:00,大型面包车
2025-06-30,OM25062900003692,沙照明设施管理-沙坪坝,2025-06-30 06:20:00,2025-06-30 06:45:00,106.45166,29.578868,130.375,V072线,2,2025-06-30 06:37:00,2025-06-30 06:59:00,7.292,11.5,,,,,大型面包车
2025-06-30,OM25062800005880,铁山坪二楼食堂-面食,2025-06-30 06:00:00,2025-06-30 06:20:00,106.682204,29.624552,276.47,V073线,1,2025-06-30 06:00:00,2025-06-30 06:24:00,39.013,33.9,42.945,237.78,2208739.0,2025-06-30 05:26:00,大型面包车
2025-06-30,OM25062900004069,考试中心（西南基地水果）,2025-06-30 07:00:00,2025-06-30 07:30:00,106.670156,29.633609,187.095,V073线,2,2025-06-30 07:00:00,2025-06-30 07:23:00,3.871,5.8,,,,,大型面包车
2025-06-30,OM25062900004073,考试中心（西南基地干副）,2025-06-30 07:00:00,2025-06-30 07:30:00,106.670156,29.633609,190.878,V073线,3,2025-06-30 07:23:00,2025-06-30 07:46:00,0.001,0.6,,,,,大型面包车
2025-06-30,OM25062900005571,重庆市安全生产考试中心-西南基地,2025-06-30 08:30:00,2025-06-30 09:00:00,106.669364,29.633076,1554.296,V073线,4,2025-06-30 08:30:00,2025-06-30 09:24:00,0.06,0.6,,,,,大型面包车
2025-06-30,OM25062900004012,铁山坪一楼食堂-面食类,2025-06-30 06:00:00,2025-06-30 06:20:00,106.682204,29.624552,100.5,V074线,1,2025-06-30 06:00:00,2025-06-30 06:22:00,39.013,33.9,42.885,142.28,615133.0,2025-06-30 05:26:00,大型面包车
2025-06-30,OM25062900004078,考试中心（西南基地菜）,2025-06-30 07:00:00,2025-06-30 07:30:00,106.670156,29.633609,481.693,V074线,2,2025-06-30 07:00:00,2025-06-30 07:27:00,3.871,5.8,,,,,大型面包车
2025-06-30,OM25062900004081,考试中心（西南基地水果）,2025-06-30 07:00:00,2025-06-30 07:30:00,106.670156,29.633609,32.94,V074线,3,2025-06-30 07:28:00,2025-06-30 07:48:00,0.001,0.6,,,,,大型面包车
2025-06-30,OM25062800001781,渝北三号桥食堂,2025-06-30 05:10:00,2025-06-30 05:30:00,106.632519,29.713308,71.225,V075线,1,2025-06-30 05:10:00,2025-06-30 05:31:00,32.403,31.4,33.545,112.16,703054.0,2025-06-30 04:39:00,大型面包车
2025-06-30,OM25062900004485,重庆市渝北区人民政府双龙湖街道办事处,2025-06-30 06:00:00,2025-06-30 06:20:00,106.633012,29.717755,631.829,V075线,2,2025-06-30 06:00:00,2025-06-30 06:31:00,1.142,3.8,,,,,大型面包车
2025-06-30,OM25062900002665,陆军勤务学院训练基地第二食堂,2025-06-30 05:50:00,2025-06-30 06:20:00,106.502518,29.541099,191.45,V076线,1,2025-06-30 05:50:00,2025-06-30 06:13:00,27.414,26.9,37.12,113.49,536845.875,2025-06-30 05:23:00,大型面包车
2025-06-30,OM25062900004677,中国人民解放军32605 部队-警卫勤务连机关食堂,2025-06-30 06:20:00,2025-06-30 06:40:00,106.532194,29.544284,268.9419,V076线,2,2025-06-30 06:21:00,2025-06-30 06:45:00,4.69,8.3,,,,,大型面包车
2025-06-30,OM25062900005337,重庆两江新区金山名都天宝乐幼儿园2-学生,2025-06-30 06:40:00,2025-06-30 07:00:00,106.517129,29.529399,76.454,V076线,3,2025-06-30 06:55:00,2025-06-30 07:17:00,5.016,10.2,,,,,大型面包车
2025-06-30,OM25062700005940,重庆一中-幼儿园,2025-06-30 06:00:00,2025-06-30 06:30:00,106.473207,29.564749,12.96,V077线,1,2025-06-30 06:00:00,2025-06-30 06:20:00,24.56,23.0,36.202,99.0,125418.0,2025-06-30 05:37:00,大型面包车
2025-06-30,OM25062900001855,重庆市沙坪坝区公共停车管理处,2025-06-30 06:00:00,2025-06-30 07:00:00,106.469852,29.567755,97.143,V077线,2,2025-06-30 06:21:00,2025-06-30 06:42:00,0.468,0.6,,,,,大型面包车
2025-06-30,OM25062900005341,重庆两江新区金山名都天宝乐幼儿园2-教师,2025-06-30 06:40:00,2025-06-30 07:00:00,106.517129,29.529399,15.315,V077线,3,2025-06-30 06:56:00,2025-06-30 07:16:00,11.174,13.4,,,,,大型面包车
2025-06-30,OM25062700000975,重庆市人口和计划生育科学技术研究院附属医院,2025-06-30 05:55:00,2025-06-30 06:15:00,106.537811,29.590335,244.7854,V078线,1,2025-06-30 05:55:00,2025-06-30 06:19:00,23.971,23.0,30.576,87.2,854557.835,2025-06-30 05:32:00,大型面包车
2025-06-30,OM25062900005573,重庆中国三峡博物馆-大礼堂,2025-06-30 06:10:00,2025-06-30 06:30:00,106.556882,29.568347,609.7725,V078线,2,2025-06-30 06:29:00,2025-06-30 06:59:00,6.605,10.2,,,,,大型面包车
2025-06-30,OM25062900002172,重庆市港航海事事务中心,2025-06-30 06:20:00,2025-06-30 06:40:00,106.532812,29.590116,14.85,V079线,1,2025-06-30 06:20:00,2025-06-30 06:40:00,23.797,21.8,38.872,184.1,451997.0,2025-06-30 05:58:00,大型面包车
2025-06-30,OM25062900002993,中国铁路设计集团有限公司（CQ）,2025-06-30 06:30:00,2025-06-30 07:20:00,106.575288,29.581245,209.039,V079线,2,2025-06-30 06:47:00,2025-06-30 07:10:00,4.887,7.0,,,,,大型面包车
2025-06-30,OM25062900003086,厦门银行股份有限公司重庆分行,2025-06-30 06:25:00,2025-06-30 07:30:00,106.575313,29.577264,24.06,V079线,3,2025-06-30 07:14:00,2025-06-30 07:35:00,2.568,3.8,,,,,大型面包车
2025-06-30,OM25062900005006,中信银行-解放碑支行（日配）,2025-06-30 07:30:00,2025-06-30 07:50:00,106.582366,29.560835,48.228,V079线,4,2025-06-30 07:39:00,2025-06-30 08:00:00,2.831,4.5,,,,,大型面包车
2025-06-30,OM25062900005343,烤匠来福士,2025-06-30 08:40:00,2025-06-30 09:00:00,106.594307,29.570101,155.82,V079线,5,2025-06-30 08:40:00,2025-06-30 09:02:00,4.789,16.6,,,,,大型面包车
2025-06-30,OM25062700007703,西南医院幼儿园,2025-06-30 05:30:00,2025-06-30 06:00:00,106.453589,29.540679,136.064,V080线,1,2025-06-30 05:30:00,2025-06-30 05:52:00,28.093,29.4,31.991,126.26,438844.0,2025-06-30 05:01:00,大型面包车
2025-06-30,OM25062800002202,幼儿园食堂,2025-06-30 05:40:00,2025-06-30 06:00:00,106.454977,29.548087,13.5,V080线,2,2025-06-30 05:58:00,2025-06-30 06:18:00,1.95,5.8,,,,,大型面包车
2025-06-30,OM25062900001268,招待所食堂,2025-06-30 06:20:00,2025-06-30 06:50:00,106.454114,29.542762,184.28,V080线,3,2025-06-30 06:21:00,2025-06-30 06:43:00,0.953,2.6,,,,,大型面包车
2025-06-30,OM25062900002756,西南医院杏林楼一楼,2025-06-30 06:20:00,2025-06-30 06:50:00,106.454078,29.53965,105.0,V080线,4,2025-06-30 06:45:00,2025-06-30 07:07:00,0.995,1.9,,,,,大型面包车
2025-06-30,OM25062700006268,安诚财产保险股份有限公司-2楼,2025-06-30 05:25:00,2025-06-30 05:45:00,106.57571,29.580888,45.88,V081线,1,2025-06-30 05:25:00,2025-06-30 05:46:00,29.073,26.9,37.173,119.15,557295.0,2025-06-30 04:58:00,大型面包车
2025-06-30,OM25062800005656,重庆复旦中学附属幼儿园贰园-学生其他类,2025-06-30 06:00:00,2025-06-30 06:20:00,106.576256,29.557443,99.447,V081线,2,2025-06-30 06:00:00,2025-06-30 06:21:00,4.738,10.2,,,,,大型面包车
2025-06-30,OM25062900002748,重庆特园民主党派历史陈列馆,2025-06-30 06:30:00,2025-06-30 06:50:00,106.552594,29.56729,411.968,V081线,3,2025-06-30 06:31:00,2025-06-30 06:57:00,3.362,9.6,,,,,大型面包车
2025-06-30,OM25062700006269,安诚财产保险股份有限公司-2楼,2025-06-30 05:25:00,2025-06-30 05:45:00,106.57571,29.580888,15.25,V082线,1,2025-06-30 05:25:00,2025-06-30 05:45:00,29.073,26.9,43.955,139.48,121782.5,2025-06-30 04:58:00,大型面包车
2025-06-30,OM25062900002647,重庆复旦中学附属幼儿园贰园-教师油盐辅料,2025-06-30 06:00:00,2025-06-30 06:20:00,106.576256,29.557443,12.3515,V082线,2,2025-06-30 06:00:00,2025-06-30 06:20:00,4.738,10.2,,,,,大型面包车
2025-06-30,OW25062600000176,交大幼-荤食类,2025-06-30 06:30:00,2025-06-30 07:00:00,106.580033,29.494323,10.944,V082线,3,2025-06-30 06:36:00,2025-06-30 06:56:00,10.143,15.4,,,,,大型面包车
2025-06-30,OW25062600001160,交大幼-蔬菜类,2025-06-30 06:30:00,2025-06-30 07:00:00,106.580033,29.494323,83.237,V082线,4,2025-06-30 06:56:00,2025-06-30 07:18:00,0.001,0.6,,,,,大型面包车
2025-06-30,OM25062700006270,安诚财产保险股份有限公司-2楼,2025-06-30 05:25:00,2025-06-30 05:45:00,106.57571,29.580888,62.476,V083线,1,2025-06-30 05:25:00,2025-06-30 05:46:00,29.073,26.9,33.811,82.5,104126.0,2025-06-30 04:58:00,大型面包车
2025-06-30,OM25062900003628,重庆复旦中学附属幼儿园贰园-教师水果类,2025-06-30 06:00:00,2025-06-30 06:20:00,106.576256,29.557443,41.65,V083线,2,2025-06-30 06:00:00,2025-06-30 06:21:00,4.738,10.2,,,,,大型面包车
2025-06-30,OM25062700006271,安诚财产保险股份有限公司-2楼,2025-06-30 05:25:00,2025-06-30 05:45:00,106.57571,29.580888,2.34,V084线,1,2025-06-30 05:25:00,2025-06-30 05:45:00,29.073,26.9,33.811,82.26,27916.0,2025-06-30 04:58:00,大型面包车
2025-06-30,OM25062900003636,重庆复旦中学附属幼儿园贰园-教师其他类,2025-06-30 06:00:00,2025-06-30 06:20:00,106.576256,29.557443,25.576,V084线,2,2025-06-30 06:00:00,2025-06-30 06:20:00,4.738,10.2,,,,,大型面包车
2025-06-30,OM25062700002652,重庆农村商业银行股份有限公司南岸支行,2025-06-30 05:48:00,2025-06-30 06:20:00,106.549381,29.52491,74.305,V085线,1,2025-06-30 05:48:00,2025-06-30 06:09:00,33.452,32.6,49.398,122.31,484982.0,2025-06-30 05:15:00,大型面包车
2025-06-30,OM25062700006017,重庆农村商业银行股份有限公司南岸支行,2025-06-30 05:48:00,2025-06-30 06:20:00,106.549381,29.52491,366.101,V085线,2,2025-06-30 06:09:00,2025-06-30 06:35:00,0.0,0.0,,,,,大型面包车
2025-06-30,OM25062800005141,理想城幼儿园-教师,2025-06-30 06:40:00,2025-06-30 07:00:00,106.528709,29.434222,44.576,V085线,3,2025-06-30 06:57:00,2025-06-30 07:18:00,15.946,22.4,,,,,大型面包车
2025-06-30,OM25062700006656,重庆水务环境控股集团有限公司,2025-06-30 06:25:00,2025-06-30 06:35:00,106.505464,29.554275,261.8095,V086线,1,2025-06-30 06:25:00,2025-06-30 06:49:00,28.458,28.8,31.979,83.66,521454.5,2025-06-30 05:56:00,大型面包车
2025-06-30,OM25062800002520,沙环卫-环卫处食堂,2025-06-30 06:40:00,2025-06-30 07:00:00,106.479904,29.554766,259.645,V086线,2,2025-06-30 06:56:00,2025-06-30 07:20:00,3.521,7.0,,,,,大型面包车
2025-06-30,OM25062700002578,中国烟草总公司重庆市公司巴南分公司,2025-06-30 06:50:00,2025-06-30 07:10:00,106.543839,29.473039,326.5688,V087线,1,2025-06-30 06:50:00,2025-06-30 07:15:00,38.474,37.8,71.12,168.99,1227397.25,2025-06-30 06:12:00,大型面包车
2025-06-30,OM25062700005693,耐德-界石,2025-06-30 07:45:00,2025-06-30 08:10:00,106.626114,29.398649,818.94,V087线,2,2025-06-30 07:50:00,2025-06-30 08:26:00,30.702,35.2,,,,,大型面包车
2025-06-30,OM25062900004813,中国烟草总公司重巴南分公司（界石）,2025-06-30 08:40:00,2025-06-30 09:00:00,106.611893,29.393828,81.8885,V087线,3,2025-06-30 08:40:00,2025-06-30 09:01:00,1.944,3.8,,,,,大型面包车
2025-06-30,OM25062700006304,安诚财产保险股份有限公司-2楼,2025-06-30 05:25:00,2025-06-30 05:45:00,106.57571,29.580888,8.113,V088线,1,2025-06-30 05:25:00,2025-06-30 05:45:00,29.073,26.9,43.862,113.96,642872.75,2025-06-30 04:58:00,大型面包车
2025-06-30,OM25062900003673,渝南大道30号一食堂,2025-06-30 06:00:00,2025-06-30 06:30:00,106.56976,29.481127,372.7108,V088线,2,2025-06-30 06:00:00,2025-06-30 06:26:00,12.859,12.8,,,,,大型面包车
2025-06-30,OM25062900004666,中国人民解放军77728部队,2025-06-30 06:00:00,2025-06-30 06:30:00,106.562973,29.466024,262.049,V088线,3,2025-06-30 06:28:00,2025-06-30 06:52:00,1.93,2.6,,,,,大型面包车
2025-06-30,OM25062900000995,重庆市九龙坡区鹅公岩小学校-早餐,2025-06-30 04:40:00,2025-06-30 05:00:00,106.529894,29.529111,858.36,V089线,1,2025-06-30 04:40:00,2025-06-30 05:16:00,31.642,30.7,36.949,160.94,1030118.5,2025-06-30 04:09:00,大型面包车
2025-06-30,OM25062900005003,九龙坡区交通运输委员会,2025-06-30 05:45:00,2025-06-30 06:05:00,106.532276,29.51463,157.2545,V089线,2,2025-06-30 05:45:00,2025-06-30 06:07:00,1.79,1.3,,,,,大型面包车
2025-06-30,OW25062700001111,静苑观江岭幼儿园-教师,2025-06-30 06:30:00,2025-06-30 06:50:00,106.541018,29.504005,14.504,V089线,3,2025-06-30 06:30:00,2025-06-30 06:50:00,3.517,5.8,,,,,大型面包车
2025-06-30,OM25062900003058,九龙坡区城管综合执法支队-兰花小区,2025-06-30 06:05:00,2025-06-30 06:20:00,106.466888,29.521159,244.357,V090线,1,2025-06-30 06:05:00,2025-06-30 06:29:00,32.738,30.1,37.282,83.01,435554.875,2025-06-30 05:35:00,大型面包车
2025-06-30,OM25062900004580,三中队,2025-06-30 06:30:00,2025-06-30 06:50:00,106.483303,29.538618,191.1979,V090线,2,2025-06-30 06:35:00,2025-06-30 06:58:00,4.544,6.4,,,,,大型面包车
2025-06-30,OM25062700007750,重庆市江北区人民政府石马河街道办事处,2025-06-30 06:00:00,2025-06-30 06:30:00,106.48994,29.601242,666.653,V091线,1,2025-06-30 06:00:00,2025-06-30 06:32:00,19.962,19.8,24.589,91.37,1328567.0,2025-06-30 05:40:00,大型面包车
2025-06-30,OM25062900005812,大连银行股份有限公司重庆分行,2025-06-30 06:20:00,2025-06-30 06:40:00,106.520366,29.597302,661.914,V091线,2,2025-06-30 06:40:00,2025-06-30 07:12:00,4.627,8.3,,,,,大型面包车
2025-06-30,OM25062700007278,安诚财产保险股份有限公司-2楼,2025-06-30 05:25:00,2025-06-30 05:45:00,106.57571,29.580888,27.325,V092线,1,2025-06-30 05:25:00,2025-06-30 05:45:00,29.073,26.9,35.989,131.97,1546082.0,2025-06-30 04:58:00,大型面包车
2025-06-30,OM25062900000542,两路口基地,2025-06-30 05:50:00,2025-06-30 06:30:00,106.554929,29.559583,108.6,V092线,2,2025-06-30 05:53:00,2025-06-30 06:15:00,5.094,7.7,,,,,大型面包车
2025-06-30,OM25062900004384,重庆国宾妇产医院有限公司-2楼食堂,2025-06-30 06:00:00,2025-06-30 06:30:00,106.551376,29.564366,1410.157,V092线,3,2025-06-30 06:20:00,2025-06-30 07:10:00,1.822,5.1,,,,,大型面包车
2025-06-30,OM25062900000985,渝北三号桥食堂,2025-06-30 05:10:00,2025-06-30 05:30:00,106.632519,29.713308,568.9168,V093线,1,2025-06-30 05:10:00,2025-06-30 05:39:00,32.403,31.4,39.036,157.13,1254180.675,2025-06-30 04:39:00,大型面包车
2025-06-30,OM25062900005626,九中队,2025-06-30 06:20:00,2025-06-30 06:40:00,106.646695,29.732439,537.3359,V093线,2,2025-06-30 06:20:00,2025-06-30 06:48:00,3.914,7.7,,,,,大型面包车
2025-06-30,OW25062700000040,渝北区交巡警-双凤大队,2025-06-30 06:00:00,2025-06-30 07:00:00,106.63903,29.741647,147.928,V093线,3,2025-06-30 06:54:00,2025-06-30 07:16:00,2.719,5.1,,,,,大型面包车
2025-06-30,OM25062700007280,安诚财产保险股份有限公司-2楼,2025-06-30 05:25:00,2025-06-30 05:45:00,106.57571,29.580888,29.6875,V094线,1,2025-06-30 05:25:00,2025-06-30 05:45:00,29.073,26.9,35.723,115.46,726254.48,2025-06-30 04:58:00,大型面包车
2025-06-30,OM25062900004514,中国人民解放军32618部队,2025-06-30 06:00:00,2025-06-30 06:20:00,106.556975,29.56437,139.6695,V094线,2,2025-06-30 06:00:00,2025-06-30 06:22:00,5.417,9.0,,,,,大型面包车
2025-06-30,OW25062900001075,重庆市教育科学研究院,2025-06-30 06:10:00,2025-06-30 06:30:00,106.549354,29.560878,556.8975,V094线,3,2025-06-30 06:25:00,2025-06-30 06:54:00,1.233,2.6,,,,,大型面包车
2025-06-30,OM25062900005250,重庆市巴渝学校,2025-06-30 05:10:00,2025-06-30 05:30:00,106.473143,29.49352,23.625,V095线,1,2025-06-30 05:10:00,2025-06-30 05:30:00,32.453,32.0,39.252,97.53,392316.5,2025-06-30 04:38:00,大型面包车
2025-06-30,OW25062900001121,重庆皓春健康产业有限公司,2025-06-30 05:50:00,2025-06-30 06:10:00,106.498125,29.534557,368.6915,V095线,2,2025-06-30 05:50:00,2025-06-30 06:16:00,6.799,10.9,,,,,大型面包车
2025-06-30,OM25062700007279,安诚财产保险股份有限公司-2楼,2025-06-30 05:25:00,2025-06-30 05:45:00,106.57571,29.580888,654.343,V096线,1,2025-06-30 05:25:00,2025-06-30 05:56:00,29.073,26.9,40.197,115.98,884977.0,2025-06-30 04:58:00,大型面包车
2025-06-30,OM25062900004712,中国人民解放军32605部队-保障四队1号食堂 六公里站点,2025-06-30 06:10:00,2025-06-30 06:30:00,106.580548,29.503391,190.338,V096线,2,2025-06-30 06:10:00,2025-06-30 06:33:00,10.828,12.8,,,,,大型面包车
2025-06-30,OM25062900006047,中国人民解放军32605部队-保障四队2号食堂 六公里站点,2025-06-30 06:20:00,2025-06-30 06:40:00,106.580008,29.505844,40.296,V096线,3,2025-06-30 06:33:00,2025-06-30 06:54:00,0.296,0.6,,,,,大型面包车
2025-06-30,OM25062700007091,新大正物业股份有限公司-蔬菜,2025-06-30 06:00:00,2025-06-30 06:25:00,106.55654,29.562133,737.222,V097线,1,2025-06-30 06:00:00,2025-06-30 06:33:00,29.353,30.7,38.59,106.67,1325831.0,2025-06-30 05:29:00,大型面包车
2025-06-30,OM25062900000937,中国人民解放军海军装备部驻广州地区军事代表局驻重庆地区第一军事代表室,2025-06-30 06:40:00,2025-06-30 06:50:00,106.522804,29.540642,588.609,V097线,2,2025-06-30 06:46:00,2025-06-30 07:16:00,9.237,12.8,,,,,大型面包车
2025-06-30,OM25062900002868,大连银行股份有限公司重庆分行,2025-06-30 06:20:00,2025-06-30 06:40:00,106.520366,29.597302,14.5405,V098线,1,2025-06-30 06:20:00,2025-06-30 06:40:00,23.747,19.8,37.803,78.95,249735.5,2025-06-30 06:00:00,大型面包车
2025-06-30,OM25062900003229,重庆市地震局,2025-06-30 06:30:00,2025-06-30 07:00:00,106.599907,29.648569,235.195,V098线,2,2025-06-30 06:56:00,2025-06-30 07:19:00,14.056,15.4,,,,,大型面包车
2025-06-30,OM25062700000728,北碚区国有土地上房屋征收与补偿安置中心,2025-06-30 06:50:00,2025-06-30 07:15:00,106.411922,29.810434,91.954,V099线,1,2025-06-30 06:50:00,2025-06-30 07:11:00,19.09,15.4,22.668,66.35,434080.125,2025-06-30 06:35:00,大型面包车
2025-06-30,OM25062900005578,十中队,2025-06-30 07:00:00,2025-06-30 07:20:00,106.416438,29.79395,342.1261,V099线,2,2025-06-30 07:16:00,2025-06-30 07:41:00,3.578,4.5,,,,,大型面包车
2025-06-30,OM25062800005250,中国人民解放军重庆市九龙坡区武装部（市区指挥中心）,2025-06-30 05:10:00,2025-06-30 05:30:00,106.518865,29.504375,200.953,V100线,1,2025-06-30 05:10:00,2025-06-30 05:33:00,33.118,30.7,51.407,127.01,840939.5,2025-06-30 04:39:00,大型面包车
2025-06-30,OM25062900003398,重庆市九龙坡区人民政府石坪桥街道办事处,2025-06-30 05:30:00,2025-06-30 05:45:00,106.517023,29.508059,305.266,V100线,2,2025-06-30 05:37:00,2025-06-30 06:02:00,1.869,4.5,,,,,大型面包车
2025-06-30,OM25062900003989,重庆市大渡口区人民政府茄子溪街道办事处,2025-06-30 06:20:00,2025-06-30 06:40:00,106.503245,29.43697,334.7205,V100线,3,2025-06-30 06:21:00,2025-06-30 06:46:00,16.42,19.2,,,,,大型面包车
2025-06-30,OM25062900002388,教职工食堂2,2025-06-30 07:00:00,2025-06-30 07:30:00,106.324651,29.635466,107.25,V101线,1,2025-06-30 07:00:00,2025-06-30 07:22:00,11.122,9.0,11.123,56.19,439450.0,2025-06-30 06:51:00,大型面包车
2025-06-30,OM25062900003357,教职工食堂,2025-06-30 07:00:00,2025-06-30 07:30:00,106.324651,29.635466,332.2,V101线,2,2025-06-30 07:22:00,2025-06-30 07:47:00,0.001,0.6,,,,,大型面包车
2025-06-30,OM25062700005893,重庆市九龙坡区文化馆,2025-06-30 07:00:00,2025-06-30 07:30:00,106.512547,29.511351,111.33,V102线,1,2025-06-30 07:00:00,2025-06-30 07:22:00,31.625,29.4,42.208,151.09,396108.75,2025-06-30 06:31:00,大型面包车
2025-06-30,OM25062900002955,中信银行-杨家坪支行（日配）,2025-06-30 07:00:00,2025-06-30 07:30:00,106.524106,29.518995,104.9758,V102线,2,2025-06-30 07:27:00,2025-06-30 07:48:00,2.945,5.1,,,,,大型面包车
2025-06-30,OM25062900004498,重庆市九龙坡区图书馆,2025-06-30 07:00:00,2025-06-30 08:00:00,106.51228,29.511585,69.553,V102线,3,2025-06-30 07:53:00,2025-06-30 08:15:00,3.515,5.1,,,,,大型面包车
2025-06-30,OM25062900004929,烤匠万象城,2025-06-30 08:40:00,2025-06-30 09:00:00,106.524528,29.522457,110.25,V102线,4,2025-06-30 08:40:00,2025-06-30 09:02:00,4.123,5.8,,,,,大型面包车
2025-06-30,OM25062700007150,重庆澋悦房地产开发有限公司,2025-06-30 06:50:00,2025-06-30 07:10:00,106.520006,29.557101,226.007,V103线,1,2025-06-30 06:50:00,2025-06-30 07:13:00,26.153,25.6,32.5,112.11,683912.0,2025-06-30 06:24:00,大型面包车
2025-06-30,OM25062800004469,重庆浩航船务有限公司,2025-06-30 07:00:00,2025-06-30 07:25:00,106.533997,29.565588,23.598,V103线,2,2025-06-30 07:20:00,2025-06-30 07:41:00,4.375,7.0,,,,,大型面包车
2025-06-30,OM25062900005378,重庆当代整形外科医院有限公司,2025-06-30 07:50:00,2025-06-30 08:00:00,106.526006,29.57101,434.307,V103线,3,2025-06-30 07:50:00,2025-06-30 08:17:00,1.972,1.9,,,,,大型面包车
2025-06-30,OM25062700007281,安诚财产保险股份有限公司-2楼,2025-06-30 05:25:00,2025-06-30 05:45:00,106.57571,29.580888,64.782,V104线,1,2025-06-30 05:25:00,2025-06-30 05:46:00,29.073,26.9,50.768,124.66,796808.5,2025-06-30 04:58:00,大型面包车
2025-06-30,OM25062900002293,中国共产党重庆市巴南区委员会党校,2025-06-30 06:00:00,2025-06-30 06:30:00,106.555913,29.45729,587.0685,V104线,2,2025-06-30 06:05:00,2025-06-30 06:35:00,18.024,19.2,,,,,大型面包车
2025-06-30,OW25062900000124,重庆市巴南区芸峰兰亭幼儿园,2025-06-30 06:30:00,2025-06-30 06:50:00,106.554186,29.450315,144.958,V104线,3,2025-06-30 06:41:00,2025-06-30 07:03:00,3.671,5.8,,,,,大型面包车
2025-06-30,OM25062900000364,重庆中兴软件有限责任公司,2025-06-30 07:00:00,2025-06-30 07:30:00,106.518746,29.625885,245.0,V105线,1,2025-06-30 07:00:00,2025-06-30 07:24:00,19.909,17.3,41.039,155.53,501942.0,2025-06-30 06:43:00,大型面包车
2025-06-30,OM25062900003508,中信银行-江北支行（日配）,2025-06-30 07:15:00,2025-06-30 07:36:00,106.543916,29.595574,120.824,V105线,2,2025-06-30 07:33:00,2025-06-30 07:55:00,6.949,9.6,,,,,大型面包车
2025-06-30,OM25062900003757,重庆曾家岩大桥建设管理有限公司_干副,2025-06-30 08:00:00,2025-06-30 08:30:00,106.555505,29.571809,42.468,V105线,3,2025-06-30 08:03:00,2025-06-30 08:24:00,4.379,8.3,,,,,大型面包车
2025-06-30,OM25062900004521,重庆第二师范学院-2楼,2025-06-30 08:20:00,2025-06-30 09:00:00,106.581872,29.517908,45.775,V105线,4,2025-06-30 08:36:00,2025-06-30 08:57:00,9.688,12.2,,,,,大型面包车
2025-06-30,OM25062900005610,重庆第二师范学院-1楼,2025-06-30 08:20:00,2025-06-30 09:00:00,106.581872,29.517908,47.875,V105线,5,2025-06-30 08:58:00,2025-06-30 09:18:00,0.114,0.6,,,,,大型面包车
2025-06-30,OM25062700000410,中国烟草总公司重庆市公司,2025-06-30 06:40:00,2025-06-30 07:00:00,106.56982,29.584005,74.356,V106线,1,2025-06-30 06:40:00,2025-06-30 07:01:00,29.26,26.9,43.762,183.57,867264.0,2025-06-30 06:13:00,大型面包车
2025-06-30,OM25062700001153,戴维斯物业管理-国家开发银行重庆分行,2025-06-30 07:00:00,2025-06-30 07:30:00,106.575366,29.577498,219.123,V106线,2,2025-06-30 07:03:00,2025-06-30 07:26:00,1.093,1.9,,,,,大型面包车
2025-06-30,OM25062900002098,厦门银行股份有限公司重庆分行,2025-06-30 06:25:00,2025-06-30 07:30:00,106.575313,29.577264,489.461,V106线,3,2025-06-30 07:28:00,2025-06-30 07:55:00,0.298,1.3,,,,,大型面包车
2025-06-30,OM25062900002766,重庆曾家岩大桥建设管理有限公司_荤菜,2025-06-30 08:00:00,2025-06-30 08:30:00,106.555505,29.571809,19.905,V106线,4,2025-06-30 08:01:00,2025-06-30 08:21:00,3.389,5.8,,,,,大型面包车
2025-06-30,OM25062900003753,重庆曾家岩大桥建设管理有限公司_素菜,2025-06-30 08:00:00,2025-06-30 08:30:00,106.555505,29.571809,34.515,V106线,5,2025-06-30 08:22:00,2025-06-30 08:42:00,0.001,0.6,,,,,大型面包车
2025-06-30,OM25062900004257,烤匠来福士-员工餐,2025-06-30 08:40:00,2025-06-30 09:00:00,106.594307,29.570101,29.904,V106线,6,2025-06-30 08:56:00,2025-06-30 09:17:00,9.721,14.1,,,,,大型面包车
2025-06-30,OM25062900003572,家属区食堂,2025-06-30 05:00:00,2025-06-30 05:35:00,106.454885,29.546363,675.005,V107线,1,2025-06-30 05:00:00,2025-06-30 05:32:00,28.247,29.4,31.832,112.87,903401.0,2025-06-30 04:31:00,大型面包车
2025-06-30,OM25062900004323,重庆市凤鸣山中学-3楼,2025-06-30 06:00:00,2025-06-30 06:01:00,106.455654,29.535218,228.396,V107线,2,2025-06-30 06:00:00,2025-06-30 06:23:00,3.585,6.4,,,,,大型面包车
2025-06-30,OM25062700007290,安诚财产保险股份有限公司-2楼,2025-06-30 05:25:00,2025-06-30 05:45:00,106.57571,29.580888,1.56,V108线,1,2025-06-30 05:25:00,2025-06-30 05:45:00,29.073,26.9,34.844,132.65,77683.5,2025-06-30 04:58:00,大型面包车
2025-06-30,OM25062800005862,重庆中国三峡博物馆-大礼堂,2025-06-30 06:10:00,2025-06-30 06:30:00,106.556882,29.568347,25.0,V108线,2,2025-06-30 06:10:00,2025-06-30 06:30:00,3.915,4.5,,,,,大型面包车
2025-06-30,OM25062900004704,重庆市房地产交易事务中心,2025-06-30 06:50:00,2025-06-30 07:00:00,106.539747,29.5637,51.1235,V108线,3,2025-06-30 06:50:00,2025-06-30 07:11:00,1.856,1.9,,,,,大型面包车
2025-06-30,OM25062800005892,重庆市九龙坡区金凤镇人民政府,2025-06-30 05:50:00,2025-06-30 06:10:00,106.324981,29.525253,535.455,V109线,1,2025-06-30 05:50:00,2025-06-30 06:18:00,21.993,19.8,66.073,157.68,674700.0,2025-06-30 05:30:00,大型面包车
2025-06-30,OM25062900001504,重庆市九龙坡区公路事务中心,2025-06-30 06:20:00,2025-06-30 06:50:00,106.381747,29.407871,111.259,V109线,2,2025-06-30 06:44:00,2025-06-30 07:06:00,25.309,25.6,,,,,大型面包车
2025-06-30,OM25062900002679,窑瓦溪幼儿园-教师,2025-06-30 07:20:00,2025-06-30 07:50:00,106.333688,29.317011,23.49,V109线,3,2025-06-30 07:27:00,2025-06-30 07:47:00,18.77,21.1,,,,,大型面包车
2025-06-30,OW25062900000011,重庆九龙坡区窑瓦溪幼儿园,2025-06-30 07:20:00,2025-06-30 07:50:00,106.333688,29.317011,4.496,V109线,4,2025-06-30 07:48:00,2025-06-30 08:08:00,0.001,0.6,,,,,大型面包车
2025-06-30,OM25062700004072,重庆两江新区水土高新技术产业园建设投资有限公司,2025-06-30 06:00:00,2025-06-30 06:35:00,106.535587,29.807428,152.505,V110线,1,2025-06-30 06:00:00,2025-06-30 06:22:00,30.047,23.0,33.566,136.48,1464938.0,2025-06-30 05:37:00,大型面包车
2025-06-30,OM25062700005136,重庆两江新区水土高新技术产业园建设投资有限公司,2025-06-30 06:00:00,2025-06-30 06:35:00,106.535587,29.807428,1082.793,V110线,2,2025-06-30 06:22:00,2025-06-30 07:04:00,0.0,0.0,,,,,大型面包车
2025-06-30,OM25062900002292,重庆市正源水务工程质量检测有限责任公司,2025-06-30 07:30:00,2025-06-30 07:50:00,106.540485,29.827536,229.64,V110线,3,2025-06-30 07:30:00,2025-06-30 07:53:00,3.519,6.4,,,,,大型面包车
2025-06-30,OM25062800000554,重庆市渝北区北城书画艺术学校,2025-06-30 06:00:00,2025-06-30 06:30:00,106.51144,29.595375,104.388,V111线,1,2025-06-30 06:00:00,2025-06-30 06:22:00,22.723,22.4,25.148,93.94,428331.0,2025-06-30 05:38:00,大型面包车
2025-06-30,OM25062800001545,重庆市渝北区北城书画艺术学校,2025-06-30 06:00:00,2025-06-30 06:30:00,106.51144,29.595375,12.5,V111线,2,2025-06-30 06:22:00,2025-06-30 06:42:00,0.0,0.0,,,,,大型面包车
2025-06-30,OM25062900001309,重庆市公安局特勤局,2025-06-30 06:30:00,2025-06-30 06:50:00,106.519062,29.606843,311.443,V111线,3,2025-06-30 06:47:00,2025-06-30 07:12:00,2.425,5.1,,,,,大型面包车
2025-06-30,OM25062700007262,国家税务总局重庆两江新区税务局,2025-06-30 06:00:00,2025-06-30 06:30:00,106.564296,29.654847,445.427,V112线,1,2025-06-30 06:00:00,2025-06-30 06:27:00,25.39,25.6,27.269,97.22,553390.0,2025-06-30 05:34:00,大型面包车
2025-06-30,OM25062900003042,中信银行-两江支行（日配）,2025-06-30 06:50:00,2025-06-30 07:10:00,106.572532,29.652119,107.963,V112线,2,2025-06-30 06:50:00,2025-06-30 07:12:00,1.879,4.5,,,,,大型面包车
2025-06-30,OM25062700003523,国家税务总局重庆市璧山区税务局青杠所,2025-06-30 06:50:00,2025-06-30 07:10:00,106.244431,29.481045,79.607,V113线,1,2025-06-30 06:50:00,2025-06-30 07:11:00,35.109,27.5,96.666,152.85,434793.0,2025-06-30 06:22:00,大型面包车
2025-06-30,OM25062900001997,252513-永川站点,2025-06-30 08:30:00,2025-06-30 09:00:00,105.809037,29.394878,355.186,V113线,2,2025-06-30 08:30:00,2025-06-30 08:55:00,61.557,56.3,,,,,大型面包车
2025-06-30,OM25062700005018,重庆清电新能源开发有限公司,2025-06-30 06:20:00,2025-06-30 06:40:00,106.509122,29.615086,510.7073,V114线,1,2025-06-30 06:20:00,2025-06-30 06:48:00,22.152,17.3,32.78,105.15,784503.55,2025-06-30 06:03:00,大型面包车
2025-06-30,OM25062800005125,中信银行-冉家坝支行（日配）,2025-06-30 06:30:00,2025-06-30 07:30:00,106.500604,29.594106,201.8533,V114线,2,2025-06-30 06:56:00,2025-06-30 07:19:00,3.745,8.3,,,,,大型面包车
2025-06-30,OM25062900005015,中信银行-高新支行（日配）,2025-06-30 07:00:00,2025-06-30 07:30:00,106.493782,29.53759,71.943,V114线,3,2025-06-30 07:27:00,2025-06-30 07:48:00,6.883,7.7,,,,,大型面包车
2025-06-30,OM25062700006582,佳华-老师,2025-06-30 05:30:00,2025-06-30 05:50:00,106.539246,29.599319,71.853,V115线,1,2025-06-30 05:30:00,2025-06-30 05:51:00,23.002,20.5,54.42,123.89,205877.0,2025-06-30 05:10:00,大型面包车
2025-06-30,OM25062700007584,渝中区红岩幼儿园-老师,2025-06-30 06:00:00,2025-06-30 06:20:00,106.590121,29.568028,11.808,V115线,2,2025-06-30 06:06:00,2025-06-30 06:27:00,11.079,15.4,,,,,大型面包车
2025-06-30,OM25062800004147,重庆市巴南区理想城幼儿园,2025-06-30 06:40:00,2025-06-30 07:00:00,106.528709,29.434222,122.216,V115线,3,2025-06-30 06:52:00,2025-06-30 07:13:00,20.339,25.0,,,,,大型面包车
2025-06-30,OM25062900002840,新大正物业集团股份有限公司（证监局）,2025-06-30 05:00:00,2025-06-30 05:30:00,106.587073,29.565019,132.21,V116线,1,2025-06-30 05:00:00,2025-06-30 05:22:00,32.6,33.9,71.435,198.39,485760.0,2025-06-30 04:26:00,大型面包车
2025-06-30,OM25062900002843,新大正物业集团股份有限公司（证监局）,2025-06-30 05:00:00,2025-06-30 05:30:00,106.587073,29.565019,169.28,V116线,2,2025-06-30 05:22:00,2025-06-30 05:45:00,0.0,0.0,,,,,大型面包车
2025-06-30,OM25062900002907,重庆复旦中学附属幼儿园贰园-教师粮食,2025-06-30 06:00:00,2025-06-30 06:20:00,106.576256,29.557443,3.888,V116线,3,2025-06-30 06:00:00,2025-06-30 06:20:00,2.13,7.7,,,,,大型面包车
2025-06-30,OM25062900003557,长生基地,2025-06-30 06:40:00,2025-06-30 07:20:00,106.651284,29.536102,83.992,V116线,4,2025-06-30 06:40:00,2025-06-30 07:01:00,18.115,17.3,,,,,大型面包车
2025-06-30,OM25062900005965,蓝月亮（重庆）有限公司,2025-06-30 07:10:00,2025-06-30 07:30:00,106.633193,29.410934,96.39,V116线,5,2025-06-30 07:23:00,2025-06-30 07:44:00,18.59,21.8,,,,,大型面包车
2025-06-30,OM25062700000809,九龙坡铁路幼儿园,2025-06-30 08:00:00,2025-06-30 08:01:00,106.545594,29.500913,154.285,V117线,1,2025-06-30 08:00:00,2025-06-30 08:22:00,34.928,33.9,40.791,94.52,194247.0,2025-06-30 07:26:00,大型面包车
2025-06-30,OM25062900005311,烤匠万象城-员工餐,2025-06-30 08:40:00,2025-06-30 09:00:00,106.524528,29.522457,39.962,V117线,2,2025-06-30 08:40:00,2025-06-30 09:01:00,5.863,7.7,,,,,大型面包车
2025-06-30,OM25062900002311,重庆高新技术产业开发区管理委员会-小锅,2025-06-30 05:40:00,2025-06-30 06:00:00,106.342437,29.518986,250.23,V118线,1,2025-06-30 05:40:00,2025-06-30 06:04:00,20.457,17.9,23.805,66.44,354535.0,2025-06-30 05:22:00,大型面包车
2025-06-30,OM25062900005673,中建五局—重庆凤栖湖项目,2025-06-30 06:00:00,2025-06-30 06:10:00,106.325398,29.53605,104.305,V118线,2,2025-06-30 06:07:00,2025-06-30 06:29:00,3.348,3.2,,,,,大型面包车
2025-06-30,OM25062700007802,重庆市人口与家庭发展研究中心,2025-06-30 06:40:00,2025-06-30 07:00:00,106.609065,29.657856,599.945,V119线,1,2025-06-30 06:40:00,2025-06-30 07:10:00,30.446,26.2,47.355,162.69,928856.0,2025-06-30 06:14:00,大型面包车
2025-06-30,OM25062900002660,重庆裕同印刷包装有限公司-新厂,2025-06-30 07:40:00,2025-06-30 08:00:00,106.667904,29.670764,78.892,V119线,2,2025-06-30 07:40:00,2025-06-30 08:01:00,9.343,9.0,,,,,大型面包车
2025-06-30,OM25062900003772,通远航务东区干副,2025-06-30 06:30:00,2025-06-30 08:30:00,106.658675,29.698841,225.239,V119线,3,2025-06-30 08:11:00,2025-06-30 08:34:00,6.503,9.6,,,,,大型面包车
2025-06-30,OM25062900007063,机场职工一食堂干副,2025-06-30 08:30:00,2025-06-30 09:30:00,106.656621,29.704052,24.78,V119线,4,2025-06-30 08:36:00,2025-06-30 08:56:00,1.063,1.9,,,,,大型面包车
2025-06-30,OM25061500000013,重庆中国三峡博物馆-丹回路,2025-06-30 06:45:00,2025-06-30 07:00:00,106.556809,29.517229,2.16,V120线,1,2025-06-30 06:45:00,2025-06-30 07:05:00,34.095,32.0,53.121,145.45,771526.0,2025-06-30 06:13:00,大型面包车
2025-06-30,OM25062900000881,中信银行-九龙坡支行（日配）,2025-06-30 07:30:00,2025-06-30 07:50:00,106.520194,29.511616,114.7145,V120线,2,2025-06-30 07:30:00,2025-06-30 07:52:00,8.119,10.2,,,,,大型面包车
2025-06-30,OW25062900001092,重庆嘉威啤酒有限公司,2025-06-30 07:45:00,2025-06-30 08:25:00,106.49045,29.455114,654.6515,V120线,3,2025-06-30 08:07:00,2025-06-30 08:38:00,10.907,15.4,,,,,大型面包车
2025-06-30,OM25062700000717,重庆市渝北区人民政府大竹林街道办事处,2025-06-30 05:40:00,2025-06-30 06:00:00,106.483385,29.629215,154.1575,V121线,1,2025-06-30 05:40:00,2025-06-30 06:02:00,16.005,13.4,46.112,110.84,274452.5,2025-06-30 05:27:00,大型面包车
2025-06-30,OM25062700002377,保税港港欣1号餐厅,2025-06-30 06:10:00,2025-06-30 06:30:00,106.60369,29.632117,45.056,V121线,2,2025-06-30 06:20:00,2025-06-30 06:40:00,18.961,17.3,,,,,大型面包车
2025-06-30,OM25062900002536,重庆市渝北区救助管理站,2025-06-30 06:40:00,2025-06-30 07:05:00,106.626249,29.676689,75.239,V121线,3,2025-06-30 06:56:00,2025-06-30 07:17:00,11.146,16.0,,,,,大型面包车
2025-06-30,OM25062700005716,重庆浩航船务有限公司,2025-06-30 07:00:00,2025-06-30 07:25:00,106.533997,29.565588,145.119,V122线,1,2025-06-30 07:00:00,2025-06-30 07:22:00,26.173,25.6,35.717,146.14,185145.0,2025-06-30 06:34:00,大型面包车
2025-06-30,OM25062700006559,幼儿食材,2025-06-30 07:20:00,2025-06-30 07:40:00,106.524603,29.541083,4.146,V122线,2,2025-06-30 07:36:00,2025-06-30 07:56:00,8.335,13.4,,,,,大型面包车
2025-06-30,OM25062900004274,烤匠时代天街-员工餐,2025-06-30 08:40:00,2025-06-30 09:00:00,106.517705,29.543923,35.88,V122线,3,2025-06-30 08:40:00,2025-06-30 09:01:00,1.209,4.5,,,,,大型面包车
2025-06-30,OM25062700006102,新大正物业集团股份有限公司-奶制品,2025-06-30 06:00:00,2025-06-30 06:25:00,106.55654,29.562133,112.008,V123线,1,2025-06-30 06:00:00,2025-06-30 06:22:00,29.353,30.7,48.292,223.88,1783349.25,2025-06-30 05:29:00,大型面包车
2025-06-30,OM25062700007061,新大正物业集团股份有限公司-肉类,2025-06-30 06:00:00,2025-06-30 06:25:00,106.55654,29.562133,259.17,V123线,2,2025-06-30 06:22:00,2025-06-30 06:46:00,0.001,0.6,,,,,大型面包车
2025-06-30,OM25062700007383,中信银行股份有限公司重庆分行（日配）,2025-06-30 07:00:00,2025-06-30 07:15:00,106.577057,29.578312,54.956,V123线,3,2025-06-30 07:00:00,2025-06-30 07:21:00,5.105,7.7,,,,,大型面包车
2025-06-30,OM25062800002683,重庆铁路投资集团有限公司,2025-06-30 07:20:00,2025-06-30 07:40:00,106.575235,29.57739,340.1388,V123线,4,2025-06-30 07:23:00,2025-06-30 07:48:00,1.328,2.6,,,,,大型面包车
2025-06-30,OM25062900003926,人民支路64号重庆市公路数据服务中心,2025-06-30 07:30:00,2025-06-30 08:20:00,106.560221,29.571241,199.474,V123线,5,2025-06-30 07:55:00,2025-06-30 08:18:00,2.942,6.4,,,,,大型面包车
2025-06-30,OM25062900005175,教导队,2025-06-30 08:20:00,2025-06-30 08:40:00,106.591886,29.533428,817.6025,V123线,6,2025-06-30 08:38:00,2025-06-30 09:13:00,9.563,19.8,,,,,大型面包车
2025-06-30,OM25062700007624,中国邮政集团有限公司重庆市江北区分公司,2025-06-30 06:40:00,2025-06-30 07:00:00,106.548418,29.585873,291.8359,V124线,1,2025-06-30 06:40:00,2025-06-30 07:04:00,27.905,26.9,35.915,117.78,762269.17,2025-06-30 06:13:00,大型面包车
2025-06-30,OM25062900001570,中建五局—观音桥项目,2025-06-30 07:00:00,2025-06-30 07:20:00,106.535406,29.58118,410.2433,V124线,2,2025-06-30 07:13:00,2025-06-30 07:39:00,4.572,9.0,,,,,大型面包车
2025-06-30,OM25062900005384,重庆当代整形外科医院有限公司-客餐,2025-06-30 07:50:00,2025-06-30 08:00:00,106.526006,29.57101,60.19,V124线,3,2025-06-30 07:50:00,2025-06-30 08:11:00,3.438,9.6,,,,,大型面包车
2025-06-30,OM25062700002881,重庆建工第二建设有限公司,2025-06-30 05:50:00,2025-06-30 06:13:00,106.464633,29.556611,707.003,V125线,1,2025-06-30 05:50:00,2025-06-30 06:23:00,26.877,26.9,35.604,146.69,1089050.5,2025-06-30 05:23:00,大型面包车
2025-06-30,OM25062900000472,重庆市沙坪坝区档案馆,2025-06-30 06:30:00,2025-06-30 06:35:00,106.453437,29.546603,72.329,V125线,2,2025-06-30 06:30:00,2025-06-30 06:51:00,3.459,6.4,,,,,大型面包车
2025-06-30,OM25062900003736,重庆市沙坪坝区图书馆,2025-06-30 07:00:00,2025-06-30 07:20:00,106.46117,29.569651,103.276,V125线,3,2025-06-30 07:01:00,2025-06-30 07:22:00,3.962,9.6,,,,,大型面包车
2025-06-30,OW25062900000103,重庆万泰建设-万科白鹤岭项目,2025-06-30 07:00:00,2025-06-30 07:30:00,106.459735,29.575523,206.4425,V125线,4,2025-06-30 07:27:00,2025-06-30 07:50:00,1.306,4.5,,,,,大型面包车
2025-06-30,OM25062800000105,重庆市沙坪坝区春田幼儿园,2025-06-30 06:00:00,2025-06-30 06:20:00,106.48455,29.561045,361.301,V126线,1,2025-06-30 06:00:00,2025-06-30 06:25:00,23.348,25.0,30.843,84.16,384201.0,2025-06-30 05:35:00,大型面包车
2025-06-30,OM25062900003650,陆军勤务学院训练基地勤务连,2025-06-30 06:30:00,2025-06-30 06:50:00,106.504022,29.541437,22.9,V126线,2,2025-06-30 06:39:00,2025-06-30 06:59:00,7.495,13.4,,,,,大型面包车
2025-06-30,OM25062900002307,重庆市江北区人力资源和社会保障局,2025-06-30 06:10:00,2025-06-30 06:20:00,106.54306,29.579964,829.02,V127线,1,2025-06-30 06:10:00,2025-06-30 06:46:00,25.842,25.0,36.996,122.55,2294109.1,2025-06-30 05:45:00,大型面包车
2025-06-30,OM25062900004530,十四中队,2025-06-30 06:40:00,2025-06-30 07:00:00,106.62169,29.577863,1465.0891,V127线,2,2025-06-30 06:56:00,2025-06-30 07:48:00,11.154,10.2,,,,,大型面包车
2025-06-30,OM25062700001729,重庆市九龙坡区数字化城市管理中心,2025-06-30 06:35:00,2025-06-30 06:40:00,106.532099,29.51222,113.691,V128线,1,2025-06-30 06:35:00,2025-06-30 06:57:00,32.507,31.4,43.867,176.54,248247.0,2025-06-30 06:04:00,大型面包车
2025-06-30,OM25062700005767,中信银行-南坪支行(日配）,2025-06-30 06:50:00,2025-06-30 07:10:00,106.581698,29.520627,122.481,V128线,2,2025-06-30 07:07:00,2025-06-30 07:29:00,8.881,10.2,,,,,大型面包车
2025-06-30,OM25062900004935,烤匠南坪协信星光店,2025-06-30 08:40:00,2025-06-30 09:00:00,106.57777,29.529062,12.075,V128线,3,2025-06-30 08:40:00,2025-06-30 09:00:00,2.479,5.1,,,,,大型面包车
2025-06-30,OM25062700005771,重庆市人民检察院第五分院,2025-06-30 05:50:00,2025-06-30 06:15:00,106.52288,29.550783,1487.0745,V129线,1,2025-06-30 05:50:00,2025-06-30 06:42:00,29.736,30.1,37.991,146.72,3004929.0,2025-06-30 05:20:00,大型面包车
2025-06-30,OM25062800000098,中机中联-中机建筑大厦,2025-06-30 06:30:00,2025-06-30 07:00:00,106.498158,29.548044,1517.8545,V129线,2,2025-06-30 06:54:00,2025-06-30 07:47:00,8.255,11.5,,,,,大型面包车
2025-06-30,OM25062700006279,厦门银行股份有限公司重庆分行,2025-06-30 06:25:00,2025-06-30 07:30:00,106.575313,29.577264,258.9773,V130线,1,2025-06-30 06:25:00,2025-06-30 06:49:00,28.449,26.2,44.373,198.41,522929.28,2025-06-30 05:59:00,大型面包车
2025-06-30,OM25062900003464,中信银行-上清寺支行（日配）,2025-06-30 06:30:00,2025-06-30 07:30:00,106.554348,29.564521,115.475,V130线,2,2025-06-30 06:57:00,2025-06-30 07:19:00,4.065,8.3,,,,,大型面包车
2025-06-30,OM25062900004726,厦门银行重庆分行-办公室,2025-06-30 06:25:00,2025-06-30 07:30:00,106.575313,29.577264,11.558,V130线,3,2025-06-30 07:27:00,2025-06-30 07:47:00,4.065,8.3,,,,,大型面包车
2025-06-30,OM25062900005328,烤匠时代广场-员工餐,2025-06-30 08:30:00,2025-06-30 08:50:00,106.583643,29.564171,24.098,V130线,4,2025-06-30 08:30:00,2025-06-30 08:50:00,4.255,9.6,,,,,大型面包车
2025-06-30,OM25062900005653,联勤保障部队第三储备资产管理局重庆管理站,2025-06-30 08:40:00,2025-06-30 09:00:00,106.575413,29.562376,112.821,V130线,5,2025-06-30 08:55:00,2025-06-30 09:17:00,3.539,5.1,,,,,大型面包车
2025-06-30,OM25062900003678,重庆市生态环境监测中心,2025-06-30 06:00:00,2025-06-30 06:20:00,106.498872,29.597912,541.314,V131线,1,2025-06-30 06:00:00,2025-06-30 06:29:00,20.659,21.1,24.449,79.03,611887.75,2025-06-30 05:39:00,大型面包车
2025-06-30,OM25062900003771,重庆凯源石油天然气有限责任公司北部分公司,2025-06-30 06:30:00,2025-06-30 06:40:00,106.523304,29.599892,70.5738,V131线,2,2025-06-30 06:37:00,2025-06-30 06:58:00,3.79,8.3,,,,,大型面包车
2025-06-30,OM25062800003188,重庆市爆破工程建设有限责任公司,2025-06-30 05:00:00,2025-06-30 05:30:00,106.538333,29.575092,215.936,V132线,1,2025-06-30 05:00:00,2025-06-30 05:23:00,26.056,27.5,33.14,159.92,1051798.0,2025-06-30 04:32:00,大型面包车
2025-06-30,OM25062900003470,重庆市爆破工程建设有限责任公司,2025-06-30 05:00:00,2025-06-30 05:30:00,106.538333,29.575092,279.36,V132线,2,2025-06-30 05:23:00,2025-06-30 05:47:00,0.0,0.0,,,,,大型面包车
2025-06-30,OM25062900005670,重庆美莱整形美容医院有限公司,2025-06-30 06:00:00,2025-06-30 06:30:00,106.526455,29.571259,396.555,V132线,3,2025-06-30 06:00:00,2025-06-30 06:26:00,4.277,11.5,,,,,大型面包车
2025-06-30,OM25062900005788,重庆市房地产交易事务中心,2025-06-30 06:50:00,2025-06-30 07:00:00,106.539747,29.5637,159.947,V132线,4,2025-06-30 06:50:00,2025-06-30 07:12:00,2.807,5.8,,,,,大型面包车
2025-06-30,OM25062900000226,十八中观音桥面食-一楼三组,2025-06-30 04:50:00,2025-06-30 05:10:00,106.548222,29.581026,65.2,V133线,1,2025-06-30 04:50:00,2025-06-30 05:11:00,26.241,26.2,43.83,175.22,1123451.98,2025-06-30 04:24:00,大型面包车
2025-06-30,OM25062900001068,重庆建工桥梁工程有限责任公司,2025-06-30 05:50:00,2025-06-30 06:30:00,106.576253,29.52993,228.512,V133线,2,2025-06-30 05:50:00,2025-06-30 06:13:00,11.543,14.7,,,,,大型面包车
2025-06-30,OM25062900001938,重庆市南岸区市场监督管理局（日配）,2025-06-30 06:00:00,2025-06-30 06:30:00,106.573013,29.527648,594.443,V133线,3,2025-06-30 06:18:00,2025-06-30 06:48:00,2.245,4.5,,,,,大型面包车
2025-06-30,OM25062900001987,重庆中国三峡博物馆-丹回路,2025-06-30 06:45:00,2025-06-30 07:00:00,106.556809,29.517229,235.297,V133线,4,2025-06-30 06:55:00,2025-06-30 07:19:00,3.801,7.7,,,,,大型面包车
2025-06-30,OM25062700006545,两江新区北大资源凯思幼儿园-老师,2025-06-30 06:20:00,2025-06-30 06:45:00,106.538812,29.657252,3.732,V134线,1,2025-06-30 06:20:00,2025-06-30 06:40:00,20.478,21.8,26.415,103.52,78615.5,2025-06-30 05:58:00,大型面包车
2025-06-30,OM25062900004232,重庆两江新区金山名都天宝乐幼儿园1-教师,2025-06-30 07:00:00,2025-06-30 07:30:00,106.57072,29.656111,15.835,V134线,2,2025-06-30 07:00:00,2025-06-30 07:20:00,5.936,9.6,,,,,大型面包车
2025-06-30,OM25062900005281,重庆两江新区金山名都天宝乐幼儿园1-学生,2025-06-30 07:00:00,2025-06-30 07:30:00,106.57072,29.656111,59.0485,V134线,3,2025-06-30 07:21:00,2025-06-30 07:42:00,0.001,0.6,,,,,大型面包车
2025-06-30,OM25062900002577,两江小博士幼儿园-老师,2025-06-30 05:50:00,2025-06-30 06:10:00,106.561772,29.607034,23.825,V135线,1,2025-06-30 05:50:00,2025-06-30 06:10:00,25.129,25.6,30.624,102.35,263042.4,2025-06-30 05:24:00,大型面包车
2025-06-30,OM25062900003099,重庆两江新区玉兰路翰林幼儿园,2025-06-30 05:50:00,2025-06-30 06:20:00,106.550159,29.609917,71.7804,V135线,2,2025-06-30 06:18:00,2025-06-30 06:39:00,3.289,7.7,,,,,大型面包车
2025-06-30,OM25062900003577,两江小博士锦上华庭幼儿园-学生,2025-06-30 06:40:00,2025-06-30 06:50:00,106.53439,29.611868,167.437,V135线,3,2025-06-30 06:44:00,2025-06-30 07:07:00,2.206,5.1,,,,,大型面包车
2025-06-30,OM25062700001801,九龙坡铁路幼儿园,2025-06-30 08:00:00,2025-06-30 08:01:00,106.545594,29.500913,34.47,V136线,1,2025-06-30 08:00:00,2025-06-30 08:21:00,34.928,33.9,47.073,96.79,225900.0,2025-06-30 07:26:00,大型面包车
2025-06-30,OM25062900005334,烤匠南坪协信星光店,2025-06-30 08:40:00,2025-06-30 09:00:00,106.57777,29.529062,191.43,V136线,2,2025-06-30 08:40:00,2025-06-30 09:03:00,12.145,14.1,,,,,大型面包车
2025-06-30,OM25062900002077,中信银行-大坪支行（日配）,2025-06-30 07:00:00,2025-06-30 07:20:00,106.521073,29.540617,96.5096,V137线,1,2025-06-30 07:00:00,2025-06-30 07:21:00,30.517,31.4,45.476,152.36,621504.6,2025-06-30 06:29:00,大型面包车
2025-06-30,OM25062900002661,陆军勤务学院训练基地教工食堂,2025-06-30 07:00:00,2025-06-30 07:30:00,106.502051,29.545444,368.5,V137线,2,2025-06-30 07:27:00,2025-06-30 07:53:00,2.311,5.8,,,,,大型面包车
2025-06-30,OM25062900003083,中信银行-三峡广场支行(日配）,2025-06-30 07:50:00,2025-06-30 08:10:00,106.484252,29.565238,89.911,V137线,3,2025-06-30 08:00:00,2025-06-30 08:22:00,5.52,7.7,,,,,大型面包车
2025-06-30,OM25062900006022,烤匠时代天街,2025-06-30 08:40:00,2025-06-30 09:00:00,106.517705,29.543923,66.584,V137线,4,2025-06-30 08:40:00,2025-06-30 09:01:00,7.128,9.0,,,,,大型面包车
2025-06-30,OM25062900002119,重庆熙街购物中心管理有限公司,2025-06-30 06:30:00,2025-06-30 07:00:00,106.30965,29.608528,256.906,V138线,1,2025-06-30 06:30:00,2025-06-30 06:54:00,13.533,12.8,17.986,77.49,1060001.0,2025-06-30 06:17:00,大型面包车
2025-06-30,OM25062900004026,勤务学院五食堂,2025-06-30 06:30:00,2025-06-30 07:00:00,106.324651,29.635466,803.095,V138线,2,2025-06-30 07:00:00,2025-06-30 07:35:00,4.453,5.8,,,,,大型面包车
2025-06-30,OM25062700006788,重庆市渝北区人民政府人和街道办事处,2025-06-30 06:00:00,2025-06-30 06:20:00,106.543666,29.633111,33.12,V139线,1,2025-06-30 06:00:00,2025-06-30 06:20:00,22.604,23.0,28.989,132.44,233415.0,2025-06-30 05:37:00,大型面包车
2025-06-30,OM25062900000376,重庆两江新区上林幼儿园-老师,2025-06-30 06:40:00,2025-06-30 07:00:00,106.564655,29.639156,99.274,V139线,2,2025-06-30 06:40:00,2025-06-30 07:01:00,4.504,9.0,,,,,大型面包车
2025-06-30,OM25062900004949,重庆大江建设工程集团有限公司-客餐,2025-06-30 07:00:00,2025-06-30 07:30:00,106.560191,29.63154,18.72,V139线,3,2025-06-30 07:08:00,2025-06-30 07:28:00,1.881,6.4,,,,,大型面包车
2025-06-30,OW25062900000145,重庆大江建设工程集团有限公司-客餐,2025-06-30 07:00:00,2025-06-30 07:30:00,106.560191,29.63154,82.301,V139线,4,2025-06-30 07:28:00,2025-06-30 07:49:00,0.0,0.0,,,,,大型面包车
2025-06-30,OM25062900003018,重庆中法供水-梁沱食堂,2025-06-30 05:40:00,2025-06-30 06:00:00,106.469056,29.59934,537.601,V140线,1,2025-06-30 05:40:00,2025-06-30 06:08:00,20.981,19.8,34.211,83.56,745717.375,2025-06-30 05:20:00,大型面包车
2025-06-30,OM25062900003940,园林技工学校-教师,2025-06-30 06:10:00,2025-06-30 06:30:00,106.529903,29.539833,208.1164,V140线,2,2025-06-30 06:21:00,2025-06-30 06:44:00,13.23,12.2,,,,,大型面包车
2025-06-30,OM25062700002693,中建五局第三建设有限公司重庆分公司,2025-06-30 06:30:00,2025-06-30 06:35:00,106.50355,29.606218,64.8,V141线,1,2025-06-30 06:30:00,2025-06-30 06:51:00,21.952,17.9,49.72,170.59,864190.1,2025-06-30 06:12:00,大型面包车
2025-06-30,OM25062700006409,中信银行股份有限公司重庆分行（日配）,2025-06-30 07:00:00,2025-06-30 07:15:00,106.577057,29.578312,389.2871,V141线,2,2025-06-30 07:06:00,2025-06-30 07:32:00,9.658,15.4,,,,,大型面包车
2025-06-30,OM25062700007827,重庆智飞生物制品股份有限公司,2025-06-30 07:50:00,2025-06-30 08:10:00,106.578811,29.583062,232.204,V141线,3,2025-06-30 07:50:00,2025-06-30 08:13:00,8.678,10.9,,,,,大型面包车
2025-06-30,OM25062900006023,烤匠来福士,2025-06-30 08:40:00,2025-06-30 09:00:00,106.594307,29.570101,177.899,V141线,4,2025-06-30 08:40:00,2025-06-30 09:03:00,9.432,16.0,,,,,大型面包车
2025-06-30,OM25062700006657,重庆水务环境控股集团有限公司,2025-06-30 06:25:00,2025-06-30 06:35:00,106.505464,29.554275,80.65,V142线,1,2025-06-30 06:25:00,2025-06-30 06:46:00,28.458,28.8,39.852,120.62,690158.5,2025-06-30 05:56:00,大型面包车
2025-06-30,OM25062800000551,重庆一中一食堂-小卖部,2025-06-30 07:00:00,2025-06-30 07:30:00,106.472794,29.565228,453.6,V142线,2,2025-06-30 07:00:00,2025-06-30 07:27:00,4.826,8.3,,,,,大型面包车
2025-06-30,OM25062900007092,中国人民解放军32605部队-保障一队彭家花园食堂,2025-06-30 07:20:00,2025-06-30 07:40:00,106.520989,29.546478,155.9085,V142线,3,2025-06-30 07:34:00,2025-06-30 07:57:00,6.568,7.7,,,,,大型面包车
2025-06-30,OM25061900007357,渝北区消防救援支队-支队机关,2025-06-30 06:00:00,2025-06-30 06:30:00,106.57485,29.733029,43.76,V143线,1,2025-06-30 06:00:00,2025-06-30 06:21:00,27.296,24.3,32.278,129.77,475356.6,2025-06-30 05:36:00,大型面包车
2025-06-30,OM25062900004820,渝北区消防救援支队-支队机关,2025-06-30 06:00:00,2025-06-30 06:30:00,106.57485,29.733029,401.3746,V143线,2,2025-06-30 06:21:00,2025-06-30 06:47:00,0.0,0.0,,,,,大型面包车
2025-06-30,OM25062900005510,中建五局—中央公园项目部,2025-06-30 07:25:00,2025-06-30 07:30:00,106.590964,29.743122,30.222,V143线,3,2025-06-30 07:25:00,2025-06-30 07:45:00,4.982,7.0,,,,,大型面包车
2025-06-30,OM25062900002118,重庆两江新区华师中旭学校,2025-06-30 05:30:00,2025-06-30 06:00:00,106.494806,29.649728,67.166,V144线,1,2025-06-30 05:30:00,2025-06-30 05:51:00,14.369,12.2,31.097,75.07,289703.0,2025-06-30 05:18:00,大型面包车
2025-06-30,OW25062700001071,重庆市锦尚小金星幼儿园-学生,2025-06-30 05:50:00,2025-06-30 06:10:00,106.501745,29.549904,222.537,V144线,2,2025-06-30 06:10:00,2025-06-30 06:33:00,16.728,18.6,,,,,大型面包车
2025-06-30,OM25062900000508,观音桥校区师生食堂,2025-06-30 04:50:00,2025-06-30 05:10:00,106.548222,29.581026,10.1,V145线,1,2025-06-30 04:50:00,2025-06-30 05:10:00,26.241,26.2,62.512,170.75,1016194.0,2025-06-30 04:24:00,大型面包车
2025-06-30,OM25062900004327,重庆建工集团股份有限公司-鸡冠石项目部,2025-06-30 05:00:00,2025-06-30 05:30:00,106.62307,29.614479,876.212,V145线,2,2025-06-30 05:26:00,2025-06-30 06:02:00,10.379,15.4,,,,,大型面包车
2025-06-30,OM25062900004509,中铁二十五局集团有限公司（食堂）-轨道24号线,2025-06-30 06:30:00,2025-06-30 07:00:00,106.628424,29.471664,49.512,V145线,3,2025-06-30 06:30:00,2025-06-30 06:51:00,24.236,21.8,,,,,大型面包车
2025-06-30,OW25062900001145,重庆今瑜医药股份有限公司,2025-06-30 06:00:00,2025-06-30 07:00:00,106.635165,29.478089,80.37,V145线,4,2025-06-30 06:53:00,2025-06-30 07:15:00,1.656,2.6,,,,,大型面包车
2025-06-30,OM25062900004377,重庆博通水利信息网络有限公司,2025-06-30 05:15:00,2025-06-30 05:40:00,106.509583,29.614488,482.328,V146线,1,2025-06-30 05:15:00,2025-06-30 05:42:00,22.134,17.9,36.079,81.45,544778.0,2025-06-30 04:57:00,大型面包车
2025-06-30,OW25062600001195,重庆市渝中区锦程小金星幼儿园-老师,2025-06-30 05:40:00,2025-06-30 06:00:00,106.51192,29.545792,62.45,V146线,2,2025-06-30 05:58:00,2025-06-30 06:19:00,13.945,15.4,,,,,大型面包车
2025-06-30,OM25062700007689,浙商银行股份有限公司重庆分行,2025-06-30 06:00:00,2025-06-30 06:30:00,106.496322,29.619746,746.157,V147线,1,2025-06-30 06:00:00,2025-06-30 06:34:00,19.396,17.9,25.654,84.01,764297.0,2025-06-30 05:42:00,大型面包车
2025-06-30,OM25062900004312,两江小博士锦上华庭幼儿园-老师,2025-06-30 06:40:00,2025-06-30 06:50:00,106.53439,29.611868,18.14,V147线,2,2025-06-30 06:46:00,2025-06-30 07:06:00,6.258,12.2,,,,,大型面包车
2025-06-30,OM25062700004045,考试中心（考试考核基地水果）,2025-06-30 06:30:00,2025-06-30 07:00:00,106.508461,29.602091,36.65,V148线,1,2025-06-30 06:30:00,2025-06-30 06:51:00,22.714,18.6,36.73,168.62,235268.0,2025-06-30 06:11:00,大型面包车
2025-06-30,OM25062700005094,考试中心（考试考核基地菜）,2025-06-30 06:30:00,2025-06-30 07:00:00,106.508461,29.602091,179.153,V148线,2,2025-06-30 06:51:00,2025-06-30 07:14:00,0.001,0.6,,,,,大型面包车
2025-06-30,OM25062700007600,聘用教师食材,2025-06-30 07:20:00,2025-06-30 07:40:00,106.524603,29.541083,15.7,V148线,3,2025-06-30 07:31:00,2025-06-30 07:51:00,12.806,17.3,,,,,大型面包车
2025-06-30,OM25062900004927,烤匠时代天街-员工餐,2025-06-30 08:40:00,2025-06-30 09:00:00,106.517705,29.543923,3.765,V148线,4,2025-06-30 08:40:00,2025-06-30 09:00:00,1.209,4.5,,,,,大型面包车
2025-06-30,OM25062900004563,渝北区消防救援支队-悦来站点,2025-06-30 06:00:00,2025-06-30 06:30:00,106.552512,29.736186,189.839,V149线,1,2025-06-30 06:00:00,2025-06-30 06:23:00,24.791,23.7,30.747,129.28,229776.0,2025-06-30 05:36:00,大型面包车
2025-06-30,OM25062900005511,中建五局—中央公园项目部,2025-06-30 07:25:00,2025-06-30 07:30:00,106.590964,29.743122,39.937,V149线,2,2025-06-30 07:25:00,2025-06-30 07:46:00,5.956,7.7,,,,,大型面包车
2025-06-30,OM25062800005769,重庆两江新区爱德蒙幼儿园-学生,2025-06-30 06:00:00,2025-06-30 06:20:00,106.583517,29.661082,14.629,V150线,1,2025-06-30 06:00:00,2025-06-30 06:20:00,26.533,23.0,46.549,205.56,741506.0,2025-06-30 05:37:00,大型面包车
2025-06-30,OM25062900000377,重庆市地质矿产勘查开发局107地质队,2025-06-30 06:20:00,2025-06-30 06:40:00,106.611483,29.711383,469.307,V150线,2,2025-06-30 06:36:00,2025-06-30 07:03:00,14.792,15.4,,,,,大型面包车
2025-06-30,OM25062900001891,中信银行-渝北支行（日配）,2025-06-30 07:40:00,2025-06-30 08:00:00,106.613147,29.712397,89.28,V150线,3,2025-06-30 07:40:00,2025-06-30 08:01:00,0.333,0.6,,,,,大型面包车
2025-06-30,OM25062900005338,烤匠大悦城,2025-06-30 08:40:00,2025-06-30 09:00:00,106.57822,29.727912,168.29,V150线,4,2025-06-30 08:40:00,2025-06-30 09:03:00,4.891,8.3,,,,,大型面包车
2025-06-30,OM25062700001378,重庆市渝北区人民政府双龙湖街道办事处,2025-06-30 06:00:00,2025-06-30 06:20:00,106.633012,29.717755,26.622,V151线,1,2025-06-30 06:00:00,2025-06-30 06:20:00,31.877,30.1,44.622,135.8,130845.0,2025-06-30 05:30:00,大型面包车
2025-06-30,OM25062900002569,重庆市渝北区科学技术协会,2025-06-30 06:25:00,2025-06-30 06:55:00,106.634226,29.719035,56.493,V151线,2,2025-06-30 06:26:00,2025-06-30 06:47:00,2.139,5.8,,,,,大型面包车
2025-06-30,OM25062900004431,中建五局—中央公园项目部,2025-06-30 07:25:00,2025-06-30 07:30:00,106.590964,29.743122,47.73,V151线,3,2025-06-30 07:25:00,2025-06-30 07:46:00,10.606,14.7,,,,,大型面包车
2025-06-30,OM25062700002570,重庆市档案馆（日配）,2025-06-30 06:30:00,2025-06-30 07:00:00,106.577512,29.691415,1044.7144,V152线,1,2025-06-30 06:30:00,2025-06-30 07:11:00,27.571,24.3,49.386,174.65,1391366.375,2025-06-30 06:06:00,大型面包车
2025-06-30,OM25062700004913,重庆凯源石油天然气有限责任公司,2025-06-30 07:10:00,2025-06-30 07:30:00,106.565222,29.664372,198.192,V152线,2,2025-06-30 07:21:00,2025-06-30 07:44:00,7.065,9.6,,,,,大型面包车
2025-06-30,OM25062800001982,高金实业-一楼食堂,2025-06-30 08:00:00,2025-06-30 08:30:00,106.575573,29.692734,126.756,V152线,3,2025-06-30 08:00:00,2025-06-30 08:22:00,8.421,12.2,,,,,大型面包车
2025-06-30,OM25062900005336,烤匠大悦城-员工餐,2025-06-30 08:40:00,2025-06-30 09:00:00,106.57822,29.727912,21.704,V152线,4,2025-06-30 08:40:00,2025-06-30 09:00:00,6.329,9.0,,,,,大型面包车
2025-06-30,OM25062700006627,浙商银行股份有限公司重庆分行,2025-06-30 06:00:00,2025-06-30 06:30:00,106.496322,29.619746,322.1501,V153线,1,2025-06-30 06:00:00,2025-06-30 06:25:00,19.396,17.9,29.257,96.62,350762.065,2025-06-30 05:42:00,大型面包车
2025-06-30,OM25062700006690,浙商银行股份有限公司重庆分行,2025-06-30 06:00:00,2025-06-30 06:30:00,106.496322,29.619746,28.072,V153线,2,2025-06-30 06:25:00,2025-06-30 06:46:00,0.001,0.6,,,,,大型面包车
2025-06-30,OM25062900000994,重庆金融街融迈置业有限公司,2025-06-30 06:50:00,2025-06-30 07:00:00,106.563338,29.583119,0.54,V153线,3,2025-06-30 06:59:00,2025-06-30 07:19:00,9.86,12.8,,,,,大型面包车
2025-06-30,OM25062900001936,金融街重庆裕隆实业有限公司,2025-06-30 06:40:00,2025-06-30 06:50:00,106.454312,29.585594,123.3449,V154线,1,2025-06-30 06:40:00,2025-06-30 07:02:00,25.874,25.6,38.648,165.78,336727.9,2025-06-30 06:14:00,大型面包车
2025-06-30,OM25062900004376,重庆市化工研究院有限公司,2025-06-30 07:00:00,2025-06-30 07:31:00,106.481643,29.584444,193.249,V154线,2,2025-06-30 07:10:00,2025-06-30 07:33:00,5.683,8.3,,,,,大型面包车
2025-06-30,OM25062900005205,丽苑大酒店-西餐厅,2025-06-30 07:30:00,2025-06-30 07:50:00,106.466603,29.561936,8.4,V154线,3,2025-06-30 07:43:00,2025-06-30 08:03:00,6.678,10.2,,,,,大型面包车
2025-06-30,OM25062900005846,烤匠金沙天街-员工餐,2025-06-30 08:40:00,2025-06-30 09:00:00,106.465319,29.560707,11.734,V154线,4,2025-06-30 08:40:00,2025-06-30 09:00:00,0.413,1.9,,,,,大型面包车
2025-06-30,OM25062900003960,中国船级社重庆分社,2025-06-30 05:20:00,2025-06-30 05:40:00,106.508776,29.624766,66.35,V155线,1,2025-06-30 05:20:00,2025-06-30 05:41:00,23.239,21.1,31.436,137.39,553443.0,2025-06-30 04:59:00,大型面包车
2025-06-30,OM25062900004551,考试中心（应急管理局肉）,2025-06-30 06:00:00,2025-06-30 06:30:00,106.506619,29.62111,98.537,V155线,2,2025-06-30 06:00:00,2025-06-30 06:21:00,3.469,6.4,,,,,大型面包车
2025-06-30,OM25062900004554,考试中心（应急管理局冻货）,2025-06-30 06:00:00,2025-06-30 06:30:00,106.506619,29.62111,27.0,V155线,3,2025-06-30 06:22:00,2025-06-30 06:43:00,0.001,0.6,,,,,大型面包车
2025-06-30,OM25062900005135,四中队,2025-06-30 06:35:00,2025-06-30 06:55:00,106.530686,29.600396,361.556,V155线,4,2025-06-30 06:51:00,2025-06-30 07:16:00,4.727,8.3,,,,,大型面包车
2025-06-30,OM25062900003685,观音桥十八中一楼-二组,2025-06-30 04:50:00,2025-06-30 05:10:00,106.548222,29.581026,18.9,V156线,1,2025-06-30 04:50:00,2025-06-30 05:10:00,26.241,26.2,42.022,143.28,488100.0,2025-06-30 04:24:00,大型面包车
2025-06-30,OM25062900003913,重庆市地质矿产勘查开发局607地质队,2025-06-30 06:20:00,2025-06-30 06:30:00,106.568891,29.47107,469.2,V156线,2,2025-06-30 06:20:00,2025-06-30 06:47:00,15.781,18.6,,,,,大型面包车
2025-06-30,OM25062700004784,重庆市九龙坡区人民政府中梁山街道办事处,2025-06-30 06:20:00,2025-06-30 06:40:00,106.450784,29.46597,402.789,V157线,1,2025-06-30 06:20:00,2025-06-30 06:46:00,40.883,40.3,52.642,204.92,1013244.0,2025-06-30 05:40:00,大型面包车
2025-06-30,OM25062900002873,重庆市渝水水务机械有限公司,2025-06-30 06:30:00,2025-06-30 07:00:00,106.459658,29.479363,303.814,V157线,2,2025-06-30 06:55:00,2025-06-30 07:20:00,4.844,9.0,,,,,大型面包车
2025-06-30,OW25062800001010,重庆嘉威啤酒—集团,2025-06-30 08:40:00,2025-06-30 09:00:00,106.484729,29.458992,306.641,V157线,3,2025-06-30 08:40:00,2025-06-30 09:05:00,6.915,10.2,,,,,大型面包车
2025-06-30,OM25062900000968,重庆市沙坪坝区回龙坝镇人民政府,2025-06-30 06:00:00,2025-06-30 06:30:00,106.389452,29.710435,283.4195,V158线,1,2025-06-30 06:00:00,2025-06-30 06:24:00,17.057,16.0,20.212,90.27,568258.5,2025-06-30 05:44:00,大型面包车
2025-06-30,OM25062900002836,中交四航（重庆）供应链管理有限公司,2025-06-30 06:50:00,2025-06-30 07:10:00,106.386067,29.685311,284.839,V158线,2,2025-06-30 06:50:00,2025-06-30 07:14:00,3.155,5.8,,,,,大型面包车
2025-06-30,OM25062700002656,青木关第一幼儿园-教师餐,2025-06-30 06:30:00,2025-06-30 07:00:00,106.311379,29.681187,7.562,V159线,1,2025-06-30 06:30:00,2025-06-30 06:50:00,10.319,12.8,18.177,97.21,727067.0,2025-06-30 06:17:00,大型面包车
2025-06-30,OM25062700002657,青木关第一幼儿园-教师餐,2025-06-30 06:30:00,2025-06-30 07:00:00,106.311379,29.681187,21.514,V159线,2,2025-06-30 06:50:00,2025-06-30 07:10:00,0.0,0.0,,,,,大型面包车
2025-06-30,OM25062900003519,重庆创绿环境保护有限公司,2025-06-30 07:00:00,2025-06-30 07:30:00,106.2831,29.666322,697.991,V159线,3,2025-06-30 07:22:00,2025-06-30 07:54:00,7.858,11.5,,,,,大型面包车
2025-06-30,OM25062800001768,重庆中法供水-梁沱食堂,2025-06-30 05:40:00,2025-06-30 06:00:00,106.469056,29.59934,143.8,V160线,1,2025-06-30 05:40:00,2025-06-30 06:02:00,20.981,19.8,44.317,164.49,886150.0,2025-06-30 05:20:00,大型面包车
2025-06-30,OM25062900001003,金沙幼儿园-学生,2025-06-30 06:00:00,2025-06-30 06:20:00,106.486467,29.56205,88.05,V160线,2,2025-06-30 06:10:00,2025-06-30 06:32:00,7.804,8.3,,,,,大型面包车
2025-06-30,OM25062900002673,陆军勤务学院训练基地第一食堂,2025-06-30 06:30:00,2025-06-30 06:50:00,106.504022,29.541437,483.3,V160线,3,2025-06-30 06:41:00,2025-06-30 07:08:00,6.361,9.0,,,,,大型面包车
2025-06-30,OM25062900004472,烹饪教研室,2025-06-30 07:10:00,2025-06-30 07:30:00,106.504022,29.541437,156.25,V160线,4,2025-06-30 07:11:00,2025-06-30 07:33:00,0.764,2.6,,,,,大型面包车
2025-06-30,OW25062900000090,丽苑大酒店-西餐厅,2025-06-30 07:30:00,2025-06-30 07:50:00,106.466603,29.561936,14.75,V160线,5,2025-06-30 07:44:00,2025-06-30 08:05:00,8.407,11.5,,,,,大型面包车
2025-06-30,OM25062700004040,保税港港欣8号餐厅—果园西区,2025-06-30 06:10:00,2025-06-30 06:30:00,106.744944,29.609495,734.3445,V161线,1,2025-06-30 06:10:00,2025-06-30 06:43:00,47.616,37.8,66.371,132.37,998921.5,2025-06-30 05:32:00,大型面包车
2025-06-30,OM25062900005140,考试中心（西南基地冻货）,2025-06-30 07:00:00,2025-06-30 07:30:00,106.670156,29.633609,193.665,V161线,2,2025-06-30 07:00:00,2025-06-30 07:23:00,18.754,16.0,,,,,大型面包车
2025-06-30,OM25062900005147,考试中心（西南基地肉）,2025-06-30 07:00:00,2025-06-30 07:30:00,106.670156,29.633609,70.912,V161线,3,2025-06-30 07:24:00,2025-06-30 07:45:00,0.001,0.6,,,,,大型面包车
2025-06-30,OM25062700006451,重庆市九龙坡区金凤镇人民政府,2025-06-30 05:50:00,2025-06-30 06:10:00,106.324981,29.525253,350.044,V162线,1,2025-06-30 05:50:00,2025-06-30 06:15:00,21.993,19.8,58.444,154.92,475286.0,2025-06-30 05:30:00,大型面包车
2025-06-30,OM25062700007637,重庆九龙坡区铝都实验幼儿园大石堡分园,2025-06-30 07:00:00,2025-06-30 07:30:00,106.333469,29.309595,111.3,V162线,2,2025-06-30 07:00:00,2025-06-30 07:22:00,34.929,37.1,,,,,大型面包车
2025-06-30,OM25062800004777,大石堡幼儿园-教师,2025-06-30 07:00:00,2025-06-30 07:30:00,106.333469,29.309595,11.836,V162线,3,2025-06-30 07:22:00,2025-06-30 07:42:00,0.001,0.6,,,,,大型面包车
2025-06-30,OW25062900000012,重庆九龙坡区窑瓦溪幼儿园,2025-06-30 07:20:00,2025-06-30 07:50:00,106.333688,29.317011,2.106,V162线,4,2025-06-30 07:45:00,2025-06-30 08:05:00,1.521,2.6,,,,,大型面包车
2025-06-30,OM25062800000711,华能国际电力股份有限公司重庆分公司,2025-06-30 06:20:00,2025-06-30 06:35:00,106.517691,29.624592,313.0959,V163线,1,2025-06-30 06:20:00,2025-06-30 06:45:00,20.099,18.6,35.155,188.58,677675.875,2025-06-30 06:01:00,大型面包车
2025-06-30,OM25062900000353,重庆中兴软件有限责任公司,2025-06-30 07:00:00,2025-06-30 07:30:00,106.518746,29.625885,16.65,V163线,2,2025-06-30 07:00:00,2025-06-30 07:20:00,0.19,1.3,,,,,大型面包车
2025-06-30,OM25062900000356,重庆中兴软件有限责任公司,2025-06-30 07:00:00,2025-06-30 07:30:00,106.518746,29.625885,285.49,V163线,3,2025-06-30 07:20:00,2025-06-30 07:45:00,0.0,0.0,,,,,大型面包车
2025-06-30,OM25062900003506,中信银行-北城天街支行（日配）,2025-06-30 08:15:00,2025-06-30 08:35:00,106.547865,29.589998,41.44,V163线,4,2025-06-30 08:15:00,2025-06-30 08:36:00,6.691,9.6,,,,,大型面包车
2025-06-30,OM25062900006019,烤匠时代广场,2025-06-30 08:30:00,2025-06-30 08:50:00,106.583643,29.564171,21.0,V163线,5,2025-06-30 08:50:00,2025-06-30 09:10:00,8.175,14.1,,,,,大型面包车
2025-06-30,OM25062800000103,春田幼儿园-老师,2025-06-30 06:00:00,2025-06-30 06:20:00,106.48455,29.561045,60.917,V164线,1,2025-06-30 06:00:00,2025-06-30 06:21:00,23.348,25.0,42.94,149.14,744126.0,2025-06-30 05:35:00,大型面包车
2025-06-30,OM25062800001089,中机中联-中机建筑大厦,2025-06-30 06:30:00,2025-06-30 07:00:00,106.498158,29.548044,548.446,V164线,2,2025-06-30 06:32:00,2025-06-30 07:01:00,8.043,11.5,,,,,大型面包车
2025-06-30,OM25062900002360,252572-科园五路,2025-06-30 07:10:00,2025-06-30 07:30:00,106.501673,29.535626,78.513,V164线,3,2025-06-30 07:10:00,2025-06-30 07:31:00,2.979,7.7,,,,,大型面包车
2025-06-30,OW25062900000091,丽苑大酒店-西餐厅,2025-06-30 07:30:00,2025-06-30 07:50:00,106.466603,29.561936,56.25,V164线,4,2025-06-30 07:43:00,2025-06-30 08:04:00,8.57,12.2,,,,,大型面包车
2025-06-30,OM25062900002046,两江天宫殿嘉欣幼儿园-学生,2025-06-30 05:50:00,2025-06-30 06:20:00,106.550159,29.609917,83.8704,V165线,1,2025-06-30 05:50:00,2025-06-30 06:11:00,23.808,25.6,47.405,215.99,260247.8,2025-06-30 05:24:00,大型面包车
2025-06-30,OM25062900002051,两江天宫殿嘉欣幼儿园-老师,2025-06-30 05:50:00,2025-06-30 06:20:00,106.550159,29.609917,5.304,V165线,2,2025-06-30 06:12:00,2025-06-30 06:32:00,0.001,0.6,,,,,大型面包车
2025-06-30,OM25062900003110,翰林幼儿园老师,2025-06-30 06:00:00,2025-06-30 07:00:00,106.550555,29.610524,5.248,V165线,3,2025-06-30 06:33:00,2025-06-30 06:53:00,0.003,0.6,,,,,大型面包车
2025-06-30,OM25062900003213,中信银行股份有限公司重庆鲁能星城支行（日配）,2025-06-30 07:00:00,2025-06-30 07:20:00,106.561726,29.599541,87.074,V165线,4,2025-06-30 07:00:00,2025-06-30 07:21:00,4.117,7.0,,,,,大型面包车
2025-06-30,OM25062900003513,重庆市地震局（ZX）,2025-06-30 07:00:00,2025-06-30 07:30:00,106.544414,29.595358,8.2279,V165线,5,2025-06-30 07:26:00,2025-06-30 07:47:00,2.643,5.1,,,,,大型面包车
2025-06-30,OM25062900005245,重庆颐悦酒店管理有限公司,2025-06-30 07:30:00,2025-06-30 08:00:00,106.554536,29.619044,44.4555,V165线,6,2025-06-30 07:54:00,2025-06-30 08:14:00,5.384,7.0,,,,,大型面包车
2025-06-30,OM25062900005312,烤匠IFS国金中心店,2025-06-30 08:40:00,2025-06-30 09:00:00,106.579994,29.583249,26.068,V165线,7,2025-06-30 08:40:00,2025-06-30 09:00:00,11.449,12.2,,,,,大型面包车
2025-06-30,OM25062700007768,重庆两江新区爱德蒙幼儿园-学生,2025-06-30 06:00:00,2025-06-30 06:20:00,106.583517,29.661082,272.694,V166线,1,2025-06-30 06:00:00,2025-06-30 06:24:00,26.533,23.0,38.322,121.73,836304.25,2025-06-30 05:37:00,大型面包车
2025-06-30,OM25062900001362,重庆两江新区上林幼儿园-学生,2025-06-30 06:40:00,2025-06-30 07:00:00,106.564655,29.639156,383.1172,V166线,2,2025-06-30 06:40:00,2025-06-30 07:06:00,8.517,12.8,,,,,大型面包车
2025-06-30,OM25062900003788,中建五局—童家院子上盖项目部,2025-06-30 07:00:00,2025-06-30 07:20:00,106.577054,29.641633,180.493,V166线,3,2025-06-30 07:16:00,2025-06-30 07:39:00,3.272,10.2,,,,,大型面包车
2025-06-30,OM25062900002546,陆军军医大学三食堂-冒菜,2025-06-30 06:30:00,2025-06-30 06:50:00,106.458697,29.540749,63.0,V167线,1,2025-06-30 06:30:00,2025-06-30 06:51:00,28.386,29.4,34.218,117.03,801952.0,2025-06-30 06:01:00,大型面包车
2025-06-30,OM25062900005405,重庆市沙坪坝区医疗保障局,2025-06-30 06:30:00,2025-06-30 07:00:00,106.453372,29.546518,235.447,V167线,2,2025-06-30 06:55:00,2025-06-30 07:19:00,1.635,4.5,,,,,大型面包车
2025-06-30,OW25062900000095,丽苑大酒店-西餐厅,2025-06-30 07:30:00,2025-06-30 07:50:00,106.466603,29.561936,503.505,V167线,3,2025-06-30 07:30:00,2025-06-30 07:58:00,4.197,10.9,,,,,大型面包车
2025-06-30,OM25062700005097,考试中心（考试考核基地肉）,2025-06-30 06:30:00,2025-06-30 07:00:00,106.508461,29.602091,37.766,V229线,1,2025-06-30 06:30:00,2025-06-30 06:51:00,22.714,23.0,26.752,225.34,5423939.5,2025-06-30 06:07:00,4.2米
2025-06-30,OM25062700005129,考试中心（考试考核基地干副）,2025-06-30 06:30:00,2025-06-30 07:00:00,106.508461,29.602091,71.7425,V229线,2,2025-06-30 06:51:00,2025-06-30 07:12:00,0.001,0.6,,,,,4.2米
2025-06-30,OM25062900000330,川仪自动化股份-北环园区单位食堂,2025-06-30 07:20:00,2025-06-30 07:30:00,106.499084,29.620278,5314.431,V229线,3,2025-06-30 07:24:00,2025-06-30 09:52:00,4.037,12.2,,,,,4.2米
2025-06-30,OM25062900002560,两江小博士幼儿园-保亿丽景分园,2025-06-30 06:00:00,2025-06-30 06:10:00,106.470313,29.725997,24.25,V168线,1,2025-06-30 06:00:00,2025-06-30 06:20:00,20.529,15.4,25.857,69.72,314894.0,2025-06-30 05:45:00,大型面包车
2025-06-30,OM25062900004022,地质勘察——午餐,2025-06-30 06:30:00,2025-06-30 06:59:00,106.47412,29.76077,290.644,V168线,2,2025-06-30 06:30:00,2025-06-30 06:54:00,5.328,7.0,,,,,大型面包车
2025-06-30,OM25062900005036,中国船级社重庆分社,2025-06-30 05:20:00,2025-06-30 05:40:00,106.508776,29.624766,36.75,V169线,1,2025-06-30 05:20:00,2025-06-30 05:41:00,23.239,21.1,30.848,101.23,1041349.525,2025-06-30 04:59:00,大型面包车
2025-06-30,OM25062900005071,重庆市渝北区人民政府人和街道办事处,2025-06-30 06:00:00,2025-06-30 06:20:00,106.543666,29.633111,1004.5995,V169线,2,2025-06-30 06:00:00,2025-06-30 06:40:00,7.609,12.2,,,,,大型面包车
2025-06-30,OM25062700006547,渝中区红岩幼儿园-老师,2025-06-30 06:00:00,2025-06-30 06:20:00,106.590121,29.568028,100.539,V170线,1,2025-06-30 06:00:00,2025-06-30 06:22:00,34.081,35.8,53.872,216.02,526055.117,2025-06-30 05:24:00,大型面包车
2025-06-30,OM25062900000473,重庆市渝中区文化和旅游发展委员会,2025-06-30 06:30:00,2025-06-30 06:50:00,106.573154,29.560096,43.725,V170线,2,2025-06-30 06:30:00,2025-06-30 06:51:00,3.384,6.4,,,,,大型面包车
2025-06-30,OM25062900002041,中信银行--观音桥支行（日配）,2025-06-30 07:00:00,2025-06-30 07:30:00,106.526012,29.571562,129.9971,V170线,3,2025-06-30 07:02:00,2025-06-30 07:23:00,7.434,10.9,,,,,大型面包车
2025-06-30,OM25062900002956,中信银行--观音桥支行（日配）,2025-06-30 07:00:00,2025-06-30 07:30:00,106.526012,29.571562,51.412,V170线,4,2025-06-30 07:23:00,2025-06-30 07:44:00,0.0,0.0,,,,,大型面包车
2025-06-30,OM25062900005897,中建三局-联发三湾项目,2025-06-30 07:40:00,2025-06-30 08:00:00,106.521366,29.574211,188.132,V170线,5,2025-06-30 07:48:00,2025-06-30 08:11:00,2.302,3.8,,,,,大型面包车
2025-06-30,OM25062900006017,烤匠金沙天街,2025-06-30 08:40:00,2025-06-30 09:00:00,106.465319,29.560707,12.25,V170线,6,2025-06-30 08:40:00,2025-06-30 09:00:00,6.671,9.0,,,,,大型面包车
2025-06-30,OM25062800001774,重庆中法供水-悦来食堂,2025-06-30 05:40:00,2025-06-30 06:10:00,106.545289,29.741987,195.075,V171线,1,2025-06-30 05:40:00,2025-06-30 06:03:00,29.231,21.8,34.889,147.03,1006359.0,2025-06-30 05:18:00,大型面包车
2025-06-30,OM25062900003031,重庆中法供水-悦来食堂,2025-06-30 05:40:00,2025-06-30 06:10:00,106.545289,29.741987,793.409,V171线,2,2025-06-30 06:03:00,2025-06-30 06:38:00,0.0,0.0,,,,,大型面包车
2025-06-30,OM25062900006035,中建五局—中央公园项目部,2025-06-30 07:25:00,2025-06-30 07:30:00,106.590964,29.743122,17.875,V171线,3,2025-06-30 07:25:00,2025-06-30 07:45:00,5.658,7.0,,,,,大型面包车
2025-06-30,OM25062900001958,悦来食堂,2025-06-30 06:10:00,2025-06-30 06:30:00,106.546076,29.742892,36.235,V172线,1,2025-06-30 06:10:00,2025-06-30 06:31:00,29.061,21.8,39.794,191.89,69583.0,2025-06-30 05:48:00,大型面包车
2025-06-30,OM25062900004430,中建五局—中央公园项目部,2025-06-30 07:25:00,2025-06-30 07:30:00,106.590964,29.743122,24.948,V172线,2,2025-06-30 07:25:00,2025-06-30 07:45:00,6.118,7.7,,,,,大型面包车
2025-06-30,OM25062900006020,烤匠大悦城,2025-06-30 08:40:00,2025-06-30 09:00:00,106.57822,29.727912,8.4,V172线,3,2025-06-30 08:40:00,2025-06-30 09:00:00,4.615,7.0,,,,,大型面包车
2025-06-30,OM25062900002528,陆军军医大学三食堂-大灶,2025-06-30 06:30:00,2025-06-30 06:50:00,106.458697,29.540749,306.68,V173线,1,2025-06-30 06:30:00,2025-06-30 06:55:00,28.386,29.4,35.263,113.84,602522.75,2025-06-30 06:01:00,大型面包车
2025-06-30,OW25062900001036,重庆市沙坪坝区华彩幼儿园,2025-06-30 06:40:00,2025-06-30 07:00:00,106.457635,29.532843,178.7428,V173线,2,2025-06-30 06:58:00,2025-06-30 07:21:00,1.522,3.8,,,,,大型面包车
2025-06-30,OW25062900001084,丽苑大酒店-宴会厅,2025-06-30 07:30:00,2025-06-30 07:50:00,106.466603,29.561936,117.1,V173线,3,2025-06-30 07:33:00,2025-06-30 07:54:00,5.355,11.5,,,,,大型面包车
2025-06-30,OM25062800003220,重庆中机中联工程有限公司,2025-06-30 06:30:00,2025-06-30 07:00:00,106.489784,29.538306,16.9,V174线,1,2025-06-30 06:30:00,2025-06-30 06:50:00,28.675,29.4,40.563,113.52,197598.0,2025-06-30 06:01:00,大型面包车
2025-06-30,OW25062900001038,重庆市沙坪坝区华彩幼儿园,2025-06-30 06:40:00,2025-06-30 07:00:00,106.457635,29.532843,43.798,V174线,2,2025-06-30 07:00:00,2025-06-30 07:21:00,6.533,9.6,,,,,大型面包车
2025-06-30,OW25062900001088,丽苑大酒店-外卖,2025-06-30 07:30:00,2025-06-30 07:50:00,106.466603,29.561936,136.9,V174线,3,2025-06-30 07:32:00,2025-06-30 07:54:00,5.355,11.5,,,,,大型面包车
2025-06-30,OM25062800001772,重庆中法供水-松树桥食堂,2025-06-30 06:30:00,2025-06-30 06:50:00,106.50817,29.588904,93.375,V175线,1,2025-06-30 06:30:00,2025-06-30 06:51:00,23.036,23.0,35.95,112.87,580584.25,2025-06-30 06:07:00,大型面包车
2025-06-30,OM25062900005166,沙坪坝区气象局,2025-06-30 06:30:00,2025-06-30 07:10:00,106.470382,29.579333,167.0862,V175线,2,2025-06-30 07:02:00,2025-06-30 07:24:00,5.595,10.2,,,,,大型面包车
2025-06-30,OW25062900000106,丽苑大酒店-员工餐厅,2025-06-30 07:30:00,2025-06-30 07:50:00,106.466603,29.561936,320.123,V175线,3,2025-06-30 07:35:00,2025-06-30 08:00:00,7.319,10.9,,,,,大型面包车
2025-06-30,OM25062400003394,华能-9楼,2025-06-30 07:00:00,2025-06-30 07:20:00,106.515487,29.624322,438.96,V176线,1,2025-06-30 07:00:00,2025-06-30 07:27:00,21.812,19.2,43.652,143.48,735286.0,2025-06-30 06:41:00,大型面包车
2025-06-30,OM25062800001886,农商行两江分行-奶制品,2025-06-30 08:00:00,2025-06-30 08:30:00,106.57406,29.645788,37.12,V176线,2,2025-06-30 08:00:00,2025-06-30 08:21:00,7.985,9.0,,,,,大型面包车
2025-06-30,OM25062900004271,烤匠时代广场,2025-06-30 08:30:00,2025-06-30 08:50:00,106.583643,29.564171,259.206,V176线,3,2025-06-30 08:40:00,2025-06-30 09:04:00,13.855,19.8,,,,,大型面包车
2025-06-30,OM25062900002744,西南医院杏林楼九楼,2025-06-30 06:20:00,2025-06-30 06:50:00,106.454078,29.53965,148.4,V177线,1,2025-06-30 06:20:00,2025-06-30 06:42:00,28.129,29.4,32.808,122.34,570050.0,2025-06-30 05:51:00,大型面包车
2025-06-30,OM25062900002750,西南医院杏林楼二楼,2025-06-30 06:20:00,2025-06-30 06:50:00,106.454078,29.53965,228.0,V177线,2,2025-06-30 06:43:00,2025-06-30 07:06:00,0.001,0.6,,,,,大型面包车
2025-06-30,OW25062900000206,丽苑大酒店-宴会厅,2025-06-30 07:30:00,2025-06-30 07:50:00,106.466603,29.561936,193.65,V177线,3,2025-06-30 07:30:00,2025-06-30 07:53:00,4.678,10.2,,,,,大型面包车
2025-06-30,OM25062900003269,中交第三公路工程局有限公司第四分公司,2025-06-30 05:50:00,2025-06-30 05:55:00,106.497226,29.619976,252.303,V178线,1,2025-06-30 05:50:00,2025-06-30 06:14:00,19.567,18.6,26.131,108.73,631520.48,2025-06-30 05:31:00,大型面包车
2025-06-30,OM25062900004032,中建八局第二建设有限公司,2025-06-30 06:30:00,2025-06-30 07:00:00,106.488117,29.59991,96.2915,V178线,2,2025-06-30 06:30:00,2025-06-30 06:51:00,5.019,8.3,,,,,大型面包车
2025-06-30,OW25062900001097,渝北区交巡警-龙山大队,2025-06-30 06:30:00,2025-06-30 07:00:00,106.497532,29.595188,282.926,V178线,3,2025-06-30 06:56:00,2025-06-30 07:20:00,1.545,4.5,,,,,大型面包车
2025-06-30,OM25062700007669,浙商银行股份有限公司重庆分行,2025-06-30 06:00:00,2025-06-30 06:30:00,106.496322,29.619746,345.6403,V179线,1,2025-06-30 06:00:00,2025-06-30 06:25:00,19.396,17.9,52.71,292.92,3619215.3,2025-06-30 05:42:00,大型面包车
2025-06-30,OM25062700007678,浙商银行股份有限公司重庆分行,2025-06-30 06:00:00,2025-06-30 06:30:00,106.496322,29.619746,111.474,V179线,2,2025-06-30 06:26:00,2025-06-30 06:47:00,0.001,0.6,,,,,大型面包车
2025-06-30,OM25062800000688,华能-9楼,2025-06-30 07:00:00,2025-06-30 07:20:00,106.515487,29.624322,29.0,V179线,3,2025-06-30 07:00:00,2025-06-30 07:20:00,7.564,10.9,,,,,大型面包车
2025-06-30,OM25062900000261,重庆建工第十二建设有限责任公司,2025-06-30 07:00:00,2025-06-30 07:30:00,106.520058,29.605993,74.521,V179线,4,2025-06-30 07:24:00,2025-06-30 07:45:00,3.56,3.2,,,,,大型面包车
2025-06-30,OM25062900003780,沙磁幼儿园-老师,2025-06-30 08:00:00,2025-06-30 08:01:00,106.462866,29.58494,87.165,V179线,5,2025-06-30 08:00:00,2025-06-30 08:21:00,10.132,12.2,,,,,大型面包车
2025-06-30,OM25062900004277,烤匠金沙天街,2025-06-30 08:40:00,2025-06-30 09:00:00,106.465319,29.560707,324.712,V179线,6,2025-06-30 08:40:00,2025-06-30 09:05:00,7.364,8.3,,,,,大型面包车
2025-06-30,OM25062900005778,重庆市凤鸣山中学日用品,2025-06-30 09:00:00,2025-06-30 09:20:00,106.455153,29.534966,2646.703,V179线,7,2025-06-30 09:14:00,2025-06-30 10:35:00,4.693,9.0,,,,,大型面包车
2025-06-30,OM25062700003500,大实幼-教师餐,2025-06-30 06:15:00,2025-06-30 06:30:00,106.340831,29.626253,119.318,V180线,1,2025-06-30 06:15:00,2025-06-30 06:37:00,10.663,9.6,21.237,68.16,256209.5,2025-06-30 06:05:00,大型面包车
2025-06-30,OM25062900004961,重庆万普隆能源技术有限公司,2025-06-30 06:30:00,2025-06-30 07:00:00,106.291009,29.573053,136.8915,V180线,2,2025-06-30 06:52:00,2025-06-30 07:14:00,10.574,14.7,,,,,大型面包车
2025-06-30,OM25062900002906,上海浦东发展银行股份有限公司重庆分行,2025-06-30 06:20:00,2025-06-30 06:30:00,106.517299,29.622034,11.102,V181线,1,2025-06-30 06:20:00,2025-06-30 06:40:00,20.536,21.8,27.395,103.12,59423.0,2025-06-30 05:58:00,大型面包车
2025-06-30,OM25062900004256,烤匠光环购物中心,2025-06-30 07:00:00,2025-06-30 07:30:00,106.53562,29.656515,1.575,V181线,2,2025-06-30 07:00:00,2025-06-30 07:20:00,6.858,12.8,,,,,大型面包车
2025-06-30,OM25062900004768,烤匠光环购物中心-员工餐,2025-06-30 07:00:00,2025-06-30 07:30:00,106.53562,29.656515,46.746,V181线,3,2025-06-30 07:21:00,2025-06-30 07:41:00,0.001,0.6,,,,,大型面包车
2025-06-30,OM25062700006552,重庆两江新区楠苑康复护理院有限公司,2025-06-30 06:00:00,2025-06-30 06:30:00,106.487157,29.628072,1399.3724,V182线,1,2025-06-30 06:00:00,2025-06-30 06:50:00,16.318,13.4,23.385,121.01,1846737.4,2025-06-30 05:47:00,大型面包车
2025-06-30,OM25062900004769,烤匠光环购物中心,2025-06-30 07:00:00,2025-06-30 07:30:00,106.53562,29.656515,383.89,V182线,2,2025-06-30 07:00:00,2025-06-30 07:26:00,7.066,10.2,,,,,大型面包车
2025-06-30,OM25062900004934,烤匠光环购物中心,2025-06-30 07:00:00,2025-06-30 07:30:00,106.53562,29.656515,63.475,V182线,3,2025-06-30 07:27:00,2025-06-30 07:48:00,0.001,0.6,,,,,大型面包车
2025-06-30,OM25062900003961,中国船级社重庆分社,2025-06-30 05:20:00,2025-06-30 05:40:00,106.508776,29.624766,220.935,V183线,1,2025-06-30 05:20:00,2025-06-30 05:43:00,23.239,21.1,33.607,162.14,615578.0,2025-06-30 04:59:00,大型面包车
2025-06-30,OM25062900005625,考试中心（应急管理局干副）,2025-06-30 06:00:00,2025-06-30 06:30:00,106.506619,29.62111,138.12,V183线,2,2025-06-30 06:00:00,2025-06-30 06:22:00,3.469,6.4,,,,,大型面包车
2025-06-30,OM25062900005630,考试中心（应急管理局水果）,2025-06-30 06:00:00,2025-06-30 06:30:00,106.506619,29.62111,188.295,V183线,3,2025-06-30 06:23:00,2025-06-30 06:46:00,0.001,0.6,,,,,大型面包车
2025-06-30,OW25062900000221,重庆百幼蒙养托育服务合伙企业（有限合伙）,2025-06-30 07:00:00,2025-06-30 07:30:00,106.532814,29.661553,52.404,V183线,4,2025-06-30 07:00:00,2025-06-30 07:21:00,6.898,11.5,,,,,大型面包车
2025-06-30,OW25062900001211,重庆百幼蒙养托育服务合伙企业（有限合伙）,2025-06-30 07:00:00,2025-06-30 07:30:00,106.532814,29.661553,15.824,V183线,5,2025-06-30 07:21:00,2025-06-30 07:41:00,0.0,0.0,,,,,大型面包车
2025-06-30,OM25062700006442,中信银行股份有限公司重庆分行（日配）,2025-06-30 07:00:00,2025-06-30 07:15:00,106.577057,29.578312,1339.267,V184线,1,2025-06-30 07:00:00,2025-06-30 07:48:00,29.499,27.5,38.062,147.85,1361293.0,2025-06-30 06:32:00,大型面包车
2025-06-30,OM25062900005329,烤匠IFS国金中心店-员工餐,2025-06-30 08:40:00,2025-06-30 09:00:00,106.579994,29.583249,22.026,V184线,2,2025-06-30 08:40:00,2025-06-30 09:00:00,8.563,10.9,,,,,大型面包车
2025-06-30,OM25062900001591,虎溪校区--内训,2025-06-30 05:30:00,2025-06-30 06:00:00,106.330443,29.605097,226.365,V185线,1,2025-06-30 05:30:00,2025-06-30 05:53:00,12.424,12.2,20.188,120.83,838312.0,2025-06-30 05:18:00,大型面包车
2025-06-30,OM25062900002201,虎溪校区外训,2025-06-30 05:30:00,2025-06-30 06:00:00,106.328098,29.605942,33.8,V185线,2,2025-06-30 05:55:00,2025-06-30 06:15:00,0.648,1.3,,,,,大型面包车
2025-06-30,OM25062900002858,重庆万普隆能源技术有限公司,2025-06-30 06:30:00,2025-06-30 07:00:00,106.291009,29.573053,479.152,V185线,3,2025-06-30 06:30:00,2025-06-30 06:57:00,7.116,10.2,,,,,大型面包车
2025-06-30,OM25062900003798,重庆万普隆能源技术有限公司,2025-06-30 06:30:00,2025-06-30 07:00:00,106.291009,29.573053,98.995,V185线,4,2025-06-30 06:57:00,2025-06-30 07:19:00,0.0,0.0,,,,,大型面包车
2025-06-30,OM25062900001341,高新区自来水-大学城食堂,2025-06-30 06:30:00,2025-06-30 06:50:00,106.338853,29.603472,435.5543,V186线,1,2025-06-30 06:30:00,2025-06-30 06:57:00,12.808,12.2,18.177,68.1,507788.35,2025-06-30 06:18:00,大型面包车
2025-06-30,OM25062900002999,中信银行股份有限公司重庆科学城支行（日配）,2025-06-30 07:00:00,2025-06-30 07:20:00,106.381274,29.610625,72.234,V186线,2,2025-06-30 07:05:00,2025-06-30 07:26:00,5.369,8.3,,,,,大型面包车
2025-06-30,OM25062800005133,重庆两江新区中医院,2025-06-30 05:30:00,2025-06-30 05:50:00,106.484789,29.62849,2287.645,V187线,1,2025-06-30 05:30:00,2025-06-30 06:42:00,16.092,13.4,22.632,135.68,2360402.4,2025-06-30 05:17:00,大型面包车
2025-06-30,OM25062900002067,两江人和嘉欣幼儿园-学生,2025-06-30 06:50:00,2025-06-30 07:15:00,106.534572,29.627245,66.2214,V187线,2,2025-06-30 06:51:00,2025-06-30 07:12:00,6.539,8.3,,,,,大型面包车
2025-06-30,OM25062900002071,两江人和嘉欣幼儿园-老师,2025-06-30 06:50:00,2025-06-30 07:15:00,106.534572,29.627245,6.536,V187线,3,2025-06-30 07:12:00,2025-06-30 07:32:00,0.001,0.6,,,,,大型面包车
2025-06-30,OM25062900002009,重庆市渝北区启诚巴蜀小学_2,2025-06-30 03:20:00,2025-06-30 03:50:00,106.557964,29.718163,456.6,V188线,1,2025-06-30 03:20:00,2025-06-30 03:47:00,24.106,21.1,34.907,193.13,590440.125,2025-06-30 02:59:00,大型面包车
2025-06-30,OW25062900000189,渝北区交巡警-两路大队,2025-06-30 05:30:00,2025-06-30 06:00:00,106.63687,29.726257,111.884,V188线,2,2025-06-30 05:30:00,2025-06-30 05:52:00,10.801,13.4,,,,,大型面包车
2025-06-30,OW25062900001185,渝北区交巡警-两路大队,2025-06-30 05:30:00,2025-06-30 06:00:00,106.63687,29.726257,21.9561,V188线,3,2025-06-30 05:52:00,2025-06-30 06:12:00,0.0,0.0,,,,,大型面包车
2025-06-30,OM25062700000855,重庆市沙坪坝区城市排水设施管理处,2025-06-30 07:00:00,2025-06-30 07:30:00,106.372849,29.634566,18.196,V189线,1,2025-06-30 07:00:00,2025-06-30 07:20:00,6.586,10.2,14.24,63.66,126684.0,2025-06-30 06:50:00,大型面包车
2025-06-30,OM25062900003711,沙照明设施管理-大学城,2025-06-30 07:25:00,2025-06-30 07:45:00,106.341215,29.607477,108.488,V189线,2,2025-06-30 07:32:00,2025-06-30 07:53:00,7.654,11.5,,,,,大型面包车
2025-06-30,OM25062700000321,重庆金泰国有资产经营有限公司,2025-06-30 07:10:00,2025-06-30 07:30:00,106.794496,29.687276,232.192,V190线,1,2025-06-30 07:10:00,2025-06-30 07:33:00,47.71,35.8,68.948,174.27,1569580.0,2025-06-30 06:34:00,大型面包车
2025-06-30,OM25062700006006,重庆顺泰铁塔制造有限公司-蔬菜,2025-06-30 08:40:00,2025-06-30 09:00:00,106.641637,29.612773,1337.388,V190线,2,2025-06-30 08:40:00,2025-06-30 09:28:00,21.238,17.9,,,,,大型面包车
2025-06-30,OM25062700001742,重庆康达环保产业（集团）有限公司,2025-06-30 06:50:00,2025-06-30 07:10:00,106.516043,29.622297,251.132,V191线,1,2025-06-30 06:50:00,2025-06-30 07:14:00,21.574,16.6,33.993,148.66,1022198.0,2025-06-30 06:33:00,大型面包车
2025-06-30,OM25062900000362,重庆中兴软件有限责任公司,2025-06-30 07:00:00,2025-06-30 07:30:00,106.518746,29.625885,636.725,V191线,2,2025-06-30 07:22:00,2025-06-30 07:53:00,4.756,8.3,,,,,大型面包车
2025-06-30,OM25062900004279,烤匠龙湖北城天街,2025-06-30 08:40:00,2025-06-30 09:00:00,106.539845,29.583886,134.341,V191线,3,2025-06-30 08:40:00,2025-06-30 09:02:00,7.663,11.5,,,,,大型面包车
2025-06-30,OM25062900002262,重庆中容石化机械制造有限公司,2025-06-30 06:10:00,2025-06-30 06:30:00,106.455459,29.660458,47.146,V192线,1,2025-06-30 06:10:00,2025-06-30 06:31:00,12.201,12.2,19.894,68.7,334783.0,2025-06-30 05:58:00,大型面包车
2025-06-30,OM25062900002680,重庆市北碚区童家溪镇人民政府,2025-06-30 06:30:00,2025-06-30 06:50:00,106.454883,29.689305,287.637,V192线,2,2025-06-30 06:42:00,2025-06-30 07:07:00,7.693,11.5,,,,,大型面包车
2025-06-30,OM25062900001452,重庆同兴医疗废物处理有限公司,2025-06-30 05:00:00,2025-06-30 05:30:00,106.440827,29.677463,274.973,V193线,1,2025-06-30 05:00:00,2025-06-30 05:24:00,10.808,10.9,31.448,81.64,325543.0,2025-06-30 04:49:00,大型面包车
2025-06-30,OW25062700000065,重庆市锦尚小金星幼儿园-老师,2025-06-30 05:50:00,2025-06-30 06:10:00,106.501745,29.549904,50.57,V193线,2,2025-06-30 05:50:00,2025-06-30 06:11:00,20.64,24.3,,,,,大型面包车
2025-06-30,OM25062700006781,重庆颐天康养产业发展有限公司,2025-06-30 05:50:00,2025-06-30 06:10:00,106.556505,29.562989,459.13,V194线,1,2025-06-30 05:50:00,2025-06-30 06:17:00,29.125,30.1,42.701,221.06,2282565.875,2025-06-30 05:20:00,大型面包车
2025-06-30,OM25062700007073,新大正物业集团股份有限公司-干副,2025-06-30 06:00:00,2025-06-30 06:25:00,106.55654,29.562133,894.885,V194线,2,2025-06-30 06:22:00,2025-06-30 06:59:00,1.671,5.1,,,,,大型面包车
2025-06-30,OM25062700007388,中信银行股份有限公司重庆分行（日配）,2025-06-30 07:00:00,2025-06-30 07:15:00,106.577057,29.578312,863.4119,V194线,3,2025-06-30 07:07:00,2025-06-30 07:44:00,5.105,7.7,,,,,大型面包车
2025-06-30,OM25062900005326,烤匠大融城-员工餐,2025-06-30 08:40:00,2025-06-30 09:00:00,106.540047,29.582589,65.139,V194线,4,2025-06-30 08:40:00,2025-06-30 09:01:00,6.8,11.5,,,,,大型面包车
2025-06-30,OM25062700006267,安诚财产保险股份有限公司-2楼,2025-06-30 05:25:00,2025-06-30 05:45:00,106.57571,29.580888,13.8031,V195线,1,2025-06-30 05:25:00,2025-06-30 05:45:00,29.073,26.9,45.237,246.24,581020.0,2025-06-30 04:58:00,大型面包车
2025-06-30,OM25062800004682,重庆复旦中学附属幼儿园-学生其他类,2025-06-30 06:00:00,2025-06-30 06:20:00,106.583453,29.560892,223.374,V195线,2,2025-06-30 06:00:00,2025-06-30 06:23:00,3.202,5.1,,,,,大型面包车
2025-06-30,OM25062900002322,重庆市渝中区城市管理综合行政执法支队,2025-06-30 06:40:00,2025-06-30 07:05:00,106.575754,29.559868,29.7889,V195线,3,2025-06-30 06:40:00,2025-06-30 07:00:00,1.58,7.0,,,,,大型面包车
2025-06-30,OM25062900003262,中信银行股份有限公司重庆分行（日配）,2025-06-30 07:00:00,2025-06-30 07:15:00,106.577057,29.578312,23.53,V195线,4,2025-06-30 07:09:00,2025-06-30 07:29:00,4.582,8.3,,,,,大型面包车
2025-06-30,OM25062900005327,烤匠大融城,2025-06-30 08:40:00,2025-06-30 09:00:00,106.540047,29.582589,290.524,V195线,5,2025-06-30 08:40:00,2025-06-30 09:04:00,6.8,11.5,,,,,大型面包车
2025-06-30,OM25062900000357,中国人民武装警察部队重庆市总队机关服务中心,2025-06-30 06:20:00,2025-06-30 06:40:00,106.506101,29.596163,988.3395,V196线,1,2025-06-30 06:20:00,2025-06-30 07:00:00,21.147,22.4,39.525,191.74,1436594.495,2025-06-30 05:58:00,大型面包车
2025-06-30,OM25062900000524,太极涵菡渝北分公司-二楼特色餐,2025-06-30 07:10:00,2025-06-30 07:30:00,106.491675,29.63761,175.053,V196线,2,2025-06-30 07:10:00,2025-06-30 07:33:00,7.156,9.6,,,,,大型面包车
2025-06-30,OM25062900004359,慎安医院大厨房,2025-06-30 08:15:00,2025-06-30 08:35:00,106.478899,29.642794,262.702,V196线,3,2025-06-30 08:15:00,2025-06-30 08:39:00,3.771,5.1,,,,,大型面包车
2025-06-30,OM25062900004928,烤匠龙湖源著,2025-06-30 08:40:00,2025-06-30 09:00:00,106.49598,29.60528,10.5,V196线,4,2025-06-30 08:49:00,2025-06-30 09:09:00,7.451,10.2,,,,,大型面包车
2025-06-30,OM25062800002721,国家税务总局重庆市璧山区税务局,2025-06-30 06:00:00,2025-06-30 06:30:00,106.238898,29.586376,29.16,V197线,1,2025-06-30 06:00:00,2025-06-30 06:20:00,32.106,30.1,35.463,230.85,97223.0,2025-06-30 05:30:00,大型面包车
2025-06-30,OM25062800002729,国家税务总局重庆市璧山区税务局,2025-06-30 06:00:00,2025-06-30 06:30:00,106.238898,29.586376,16.896,V197线,2,2025-06-30 06:21:00,2025-06-30 06:41:00,0.001,0.6,,,,,大型面包车
2025-06-30,OM25062900004355,重庆璧山天然气有限责任公司,2025-06-30 09:00:00,2025-06-30 09:30:00,106.228746,29.587019,51.167,V197线,3,2025-06-30 09:00:00,2025-06-30 09:21:00,3.356,7.0,,,,,大型面包车
2025-06-30,OM25062800004215,重庆两江新区丹鹤幼儿园,2025-06-30 07:15:00,2025-06-30 07:30:00,106.559716,29.670023,316.4488,V198线,1,2025-06-30 07:15:00,2025-06-30 07:40:00,24.454,24.3,47.458,179.42,930841.0,2025-06-30 06:51:00,大型面包车
2025-06-30,OM25062800004938,铁山坪三楼食堂-调味品类,2025-06-30 09:00:00,2025-06-30 09:30:00,106.682204,29.624552,89.58,V198线,2,2025-06-30 09:00:00,2025-06-30 09:21:00,23.003,21.8,,,,,大型面包车
2025-06-30,OM25062800004945,铁山坪二楼食堂-调味品类,2025-06-30 09:00:00,2025-06-30 09:30:00,106.682204,29.624552,524.8123,V198线,3,2025-06-30 09:22:00,2025-06-30 09:50:00,0.001,0.6,,,,,大型面包车
2025-06-30,OM25062900002258,国投健康养老服务（重庆）有限公司-水果,2025-06-30 04:40:00,2025-06-30 05:00:00,106.375095,29.641469,32.0,V199线,1,2025-06-30 04:40:00,2025-06-30 05:00:00,4.495,6.4,50.135,132.69,408478.0,2025-06-30 04:34:00,大型面包车
2025-06-30,OW25062700000085,重庆九龙坡区铝都实验幼儿园,2025-06-30 06:00:00,2025-06-30 06:30:00,106.335525,29.306186,22.96,V199线,2,2025-06-30 06:00:00,2025-06-30 06:20:00,45.635,42.2,,,,,大型面包车
2025-06-30,OW25062700001096,重庆九龙坡区铝都实验幼儿园,2025-06-30 06:00:00,2025-06-30 06:30:00,106.335525,29.306186,353.518,V199线,3,2025-06-30 06:21:00,2025-06-30 06:46:00,0.005,0.6,,,,,大型面包车
2025-06-30,OM25062700000640,重庆市北碚区照明灯饰管理处,2025-06-30 07:30:00,2025-06-30 08:00:00,106.423114,29.838559,116.097,V200线,1,2025-06-30 07:30:00,2025-06-30 07:52:00,23.509,21.1,46.157,141.8,428033.25,2025-06-30 07:09:00,大型面包车
2025-06-30,OM25062700004886,重庆市北碚区天生幼儿园,2025-06-30 08:00:00,2025-06-30 08:01:00,106.44339,29.833109,266.354,V200线,2,2025-06-30 08:00:00,2025-06-30 08:24:00,2.726,4.5,,,,,大型面包车
2025-06-30,OM25062800001557,复兴法庭,2025-06-30 09:10:00,2025-06-30 09:30:00,106.560036,29.793809,45.5823,V200线,3,2025-06-30 09:10:00,2025-06-30 09:31:00,19.922,23.0,,,,,大型面包车
2025-06-30,OM25062700005966,重庆瑜煌电力设备制造有限公司-干副,2025-06-30 07:00:00,2025-06-30 07:30:00,106.481465,29.771363,793.625,V201线,1,2025-06-30 07:00:00,2025-06-30 07:35:00,21.965,23.0,56.093,163.41,818441.0,2025-06-30 06:37:00,大型面包车
2025-06-30,OM25062800002705,柳荫法庭,2025-06-30 09:00:00,2025-06-30 09:25:00,106.611387,29.958465,24.816,V201线,2,2025-06-30 09:00:00,2025-06-30 09:20:00,34.128,30.1,,,,,大型面包车
2025-06-30,OM25062700003671,青木关第一幼儿园-教师餐,2025-06-30 06:30:00,2025-06-30 07:00:00,106.311379,29.681187,9.07,V202线,1,2025-06-30 06:30:00,2025-06-30 06:50:00,10.319,12.8,31.695,169.47,588793.75,2025-06-30 06:17:00,大型面包车
2025-06-30,OM25062700003672,青木关第一幼儿园-教师餐,2025-06-30 06:30:00,2025-06-30 07:00:00,106.311379,29.681187,81.95,V202线,2,2025-06-30 06:50:00,2025-06-30 07:11:00,0.0,0.0,,,,,大型面包车
2025-06-30,OM25062800000052,重庆青凤科技发展有限公司,2025-06-30 07:20:00,2025-06-30 07:45:00,106.33835,29.715338,99.55,V202线,3,2025-06-30 07:20:00,2025-06-30 07:41:00,5.527,8.3,,,,,大型面包车
2025-06-30,OM25062800001049,重庆青凤科技发展有限公司,2025-06-30 07:20:00,2025-06-30 07:45:00,106.33835,29.715338,114.2588,V202线,4,2025-06-30 07:41:00,2025-06-30 08:03:00,0.0,0.0,,,,,大型面包车
2025-06-30,OM25062900002406,招待所餐厅,2025-06-30 07:50:00,2025-06-30 08:20:00,106.324651,29.635466,35.5,V202线,5,2025-06-30 08:16:00,2025-06-30 08:37:00,11.272,12.8,,,,,大型面包车
2025-06-30,OM25062900004933,烤匠龙湖U城,2025-06-30 08:40:00,2025-06-30 09:00:00,106.299863,29.614446,248.465,V202线,6,2025-06-30 08:43:00,2025-06-30 09:07:00,4.577,6.4,,,,,大型面包车
2025-06-30,OM25062700007700,重庆水务环境控股集团有限公司,2025-06-30 06:25:00,2025-06-30 06:35:00,106.505464,29.554275,384.104,V203线,1,2025-06-30 06:25:00,2025-06-30 06:51:00,28.458,28.8,43.996,184.03,429504.0,2025-06-30 05:56:00,大型面包车
2025-06-30,OM25062800005306,川仪自动化股份-办公室,2025-06-30 07:20:00,2025-06-30 07:30:00,106.499266,29.620207,30.03,V203线,2,2025-06-30 07:20:00,2025-06-30 07:40:00,12.158,16.6,,,,,大型面包车
2025-06-30,OM25062900005346,烤匠龙湖源著-员工餐,2025-06-30 08:40:00,2025-06-30 09:00:00,106.49598,29.60528,15.37,V203线,3,2025-06-30 08:40:00,2025-06-30 09:00:00,3.38,5.8,,,,,大型面包车
2025-06-30,OM25062900005196,重庆市应能应急救援有限公司（直属支队）,2025-06-30 05:00:00,2025-06-30 05:20:00,106.542752,29.816575,516.892,V204线,1,2025-06-30 05:00:00,2025-06-30 05:28:00,31.243,23.7,67.542,114.26,555751.0,2025-06-30 04:36:00,大型面包车
2025-06-30,OM25062900005454,保税港港欣1号餐厅,2025-06-30 06:10:00,2025-06-30 06:30:00,106.60369,29.632117,38.859,V204线,2,2025-06-30 06:10:00,2025-06-30 06:31:00,36.299,33.9,,,,,大型面包车
2025-06-30,OM25062900003264,国投健康养老服务（重庆）有限公司,2025-06-30 04:40:00,2025-06-30 05:00:00,106.375095,29.641469,902.34,V205线,1,2025-06-30 04:40:00,2025-06-30 05:18:00,4.495,6.4,39.333,135.72,1290172.44,2025-06-30 04:34:00,大型面包车
2025-06-30,OM25062900003322,重庆高新技术产业开发区管理委员会-煮面间,2025-06-30 05:40:00,2025-06-30 06:00:00,106.342437,29.518986,99.768,V205线,2,2025-06-30 05:40:00,2025-06-30 06:01:00,18.206,14.1,,,,,大型面包车
2025-06-30,OM25062900003725,中建五局—曾家路网项目,2025-06-30 06:25:00,2025-06-30 06:30:00,106.320257,29.548801,288.0644,V205线,3,2025-06-30 06:25:00,2025-06-30 06:49:00,16.632,22.4,,,,,大型面包车
2025-06-30,OM25062900002287,重庆高新技术产业开发区管理委员会-白案,2025-06-30 05:40:00,2025-06-30 06:00:00,106.342437,29.518986,80.51,V206线,1,2025-06-30 05:40:00,2025-06-30 06:01:00,20.457,17.9,37.721,119.9,1045111.0,2025-06-30 05:22:00,大型面包车
2025-06-30,OM25062900004584,中建五局—重庆凤栖湖项目,2025-06-30 06:00:00,2025-06-30 06:10:00,106.325398,29.53605,9.986,V206线,2,2025-06-30 06:04:00,2025-06-30 06:25:00,3.348,3.2,,,,,大型面包车
2025-06-30,OM25062900005092,勤务学院二食堂,2025-06-30 06:30:00,2025-06-30 07:00:00,106.324651,29.635466,954.615,V206线,3,2025-06-30 06:43:00,2025-06-30 07:22:00,13.916,18.6,,,,,大型面包车
2025-06-30,OM25062800000599,重庆市北碚区人民法院,2025-06-30 06:00:00,2025-06-30 06:30:00,106.417592,29.804513,1364.6428,V230线,1,2025-06-30 06:00:00,2025-06-30 06:49:00,19.225,16.0,42.768,193.1,4648697.76,2025-06-30 05:44:00,4.2米
2025-06-30,OM25062900000305,川仪自动化股份-蔡家园区单位食堂,2025-06-30 07:20:00,2025-06-30 07:30:00,106.484414,29.754229,3284.055,V230线,2,2025-06-30 07:20:00,2025-06-30 08:57:00,23.543,22.4,,,,,4.2米
2025-06-30,OM25062900003344,重庆高新技术产业开发区管理委员会-大锅,2025-06-30 05:40:00,2025-06-30 06:00:00,106.342437,29.518986,1558.57,V207线,1,2025-06-30 05:40:00,2025-06-30 06:34:00,20.457,17.9,39.075,141.81,1774920.0,2025-06-30 05:22:00,大型面包车
2025-06-30,OM25062900003571,外训教工,2025-06-30 07:00:00,2025-06-30 07:30:00,106.324651,29.635466,14.05,V207线,2,2025-06-30 07:00:00,2025-06-30 07:20:00,18.617,17.9,,,,,大型面包车
2025-06-30,OM25062900003602,外训学员,2025-06-30 07:00:00,2025-06-30 07:30:00,106.324651,29.635466,202.3,V207线,3,2025-06-30 07:21:00,2025-06-30 07:44:00,0.001,0.6,,,,,大型面包车
2025-06-30,OM25062700007159,重庆科学城城市建设集团有限公司,2025-06-30 07:00:00,2025-06-30 07:30:00,106.350857,29.523768,736.597,V208线,1,2025-06-30 07:00:00,2025-06-30 07:33:00,20.443,17.9,45.765,101.46,910284.75,2025-06-30 06:42:00,大型面包车
2025-06-30,OM25062700007710,中国石油天然气股份有限公司西南化工销售重庆仓储中心,2025-06-30 08:00:00,2025-06-30 08:15:00,106.396445,29.653095,173.6877,V208线,2,2025-06-30 08:01:00,2025-06-30 08:24:00,25.322,27.5,,,,,大型面包车
2025-06-30,OM25062900000484,中铁建生态环境有限公司-早餐,2025-06-30 06:20:00,2025-06-30 06:40:00,106.402117,29.80278,111.183,V209线,1,2025-06-30 06:20:00,2025-06-30 06:42:00,18.724,14.7,49.604,87.61,303538.0,2025-06-30 06:05:00,大型面包车
2025-06-30,OM25062900000540,太极涵菡渝北分公司-二楼早餐,2025-06-30 07:10:00,2025-06-30 07:30:00,106.491675,29.63761,192.355,V209线,2,2025-06-30 07:10:00,2025-06-30 07:33:00,30.88,21.8,,,,,大型面包车
2025-06-30,OM25062700004669,耐德-龙兴,2025-06-30 05:00:00,2025-06-30 05:30:00,106.772502,29.681089,1163.996,V210线,1,2025-06-30 05:00:00,2025-06-30 05:44:00,46.003,35.2,95.013,167.86,1591690.0,2025-06-30 04:25:00,大型面包车
2025-06-30,OM25062900000975,两江物业—职能中心食堂,2025-06-30 06:00:00,2025-06-30 06:20:00,106.820019,29.693393,279.411,V210线,2,2025-06-30 06:00:00,2025-06-30 06:24:00,7.397,9.0,,,,,大型面包车
2025-06-30,OM25062900001777,重庆金融街融迈置业有限公司,2025-06-30 06:50:00,2025-06-30 07:00:00,106.563338,29.583119,148.283,V210线,3,2025-06-30 06:50:00,2025-06-30 07:13:00,41.613,26.2,,,,,大型面包车
2025-06-30,OM25062900002562,两江小博士幼儿园-保亿丽景分园,2025-06-30 06:00:00,2025-06-30 06:10:00,106.470313,29.725997,266.585,V211线,1,2025-06-30 06:00:00,2025-06-30 06:24:00,20.529,15.4,59.289,92.98,758873.0,2025-06-30 05:45:00,大型面包车
2025-06-30,OM25062900003160,重庆市九龙坡区含谷镇人民政府,2025-06-30 06:45:00,2025-06-30 07:10:00,106.384147,29.523009,492.288,V211线,2,2025-06-30 06:50:00,2025-06-30 07:18:00,38.76,26.2,,,,,大型面包车
2025-06-30,OM25062900002295,重庆高新技术产业开发区管理委员会-凉菜,2025-06-30 05:40:00,2025-06-30 06:00:00,106.342437,29.518986,100.45,V212线,1,2025-06-30 05:40:00,2025-06-30 06:02:00,20.457,17.9,56.066,147.62,926756.0,2025-06-30 05:22:00,大型面包车
2025-06-30,OM25062900004585,中建五局—重庆凤栖湖项目,2025-06-30 06:00:00,2025-06-30 06:10:00,106.325398,29.53605,19.79,V212线,2,2025-06-30 06:05:00,2025-06-30 06:25:00,3.348,3.2,,,,,大型面包车
2025-06-30,OM25062900004832,中交第四航务工程局有限公司CQ,2025-06-30 06:40:00,2025-06-30 07:05:00,106.385061,29.676267,218.617,V212线,3,2025-06-30 06:45:00,2025-06-30 07:08:00,22.634,19.8,,,,,大型面包车
2025-06-30,OM25062900005065,重庆青凤科技发展有限公司,2025-06-30 07:20:00,2025-06-30 07:45:00,106.33835,29.715338,587.899,V212线,4,2025-06-30 07:20:00,2025-06-30 07:50:00,9.627,10.9,,,,,大型面包车
2025-06-30,OM25062700002601,重庆三峰卡万塔环境产业有限公司二,2025-06-30 06:10:00,2025-06-30 06:30:00,106.494448,29.454464,1333.133,V213线,1,2025-06-30 06:10:00,2025-06-30 06:58:00,40.951,38.4,134.235,315.21,2621629.48,2025-06-30 05:32:00,大型面包车
2025-06-30,OM25062700006558,教师食材,2025-06-30 07:20:00,2025-06-30 07:40:00,106.524603,29.541083,10.75,V213线,2,2025-06-30 07:20:00,2025-06-30 07:40:00,16.511,18.6,,,,,大型面包车
2025-06-30,OM25062900004275,烤匠时代天街,2025-06-30 07:40:00,2025-06-30 08:00:00,106.517705,29.543923,275.381,V213线,3,2025-06-30 07:45:00,2025-06-30 08:09:00,1.209,4.5,,,,,大型面包车
2025-06-30,OM25062900005331,烤匠万象城,2025-06-30 08:00:00,2025-06-30 08:20:00,106.524528,29.522457,121.94,V213线,4,2025-06-30 08:17:00,2025-06-30 08:39:00,3.041,8.3,,,,,大型面包车
2025-06-30,OM25062900005332,烤匠南坪协信星光店-员工餐,2025-06-30 08:40:00,2025-06-30 09:00:00,106.57777,29.529062,16.36,V213线,5,2025-06-30 08:47:00,2025-06-30 09:07:00,7.884,8.3,,,,,大型面包车
2025-06-30,OM25062900005719,中国人民解放军32614部队,2025-06-30 06:20:00,2025-06-30 06:50:00,106.56171,29.061945,864.0655,V213线,6,2025-06-30 10:10:00,2025-06-30 10:47:00,64.639,62.7,,,,,大型面包车
2025-06-30,OM25062700002103,两江物业—职能中心食堂,2025-06-30 06:00:00,2025-06-30 06:20:00,106.820019,29.693393,6.48,V214线,1,2025-06-30 06:00:00,2025-06-30 06:20:00,52.134,39.0,101.858,325.49,3499817.46,2025-06-30 05:21:00,大型面包车
2025-06-30,OM25062700002413,重庆金泰国有资产经营有限公司,2025-06-30 07:10:00,2025-06-30 07:30:00,106.794496,29.687276,231.147,V214线,2,2025-06-30 07:10:00,2025-06-30 07:33:00,4.624,6.4,,,,,大型面包车
2025-06-30,OM25062700006803,重庆百事天府饮料有限公司,2025-06-30 07:50:00,2025-06-30 08:10:00,106.609572,29.665203,1368.618,V214线,3,2025-06-30 07:50:00,2025-06-30 08:39:00,20.902,16.6,,,,,大型面包车
2025-06-30,OM25062700007031,重庆顺泰铁塔制造有限公司-干副,2025-06-30 08:40:00,2025-06-30 09:00:00,106.641637,29.612773,1171.911,V214线,4,2025-06-30 08:55:00,2025-06-30 09:39:00,12.774,15.4,,,,,大型面包车
2025-06-30,OM25062900002752,重庆建工建材物流有限公司-总部,2025-06-30 06:20:00,2025-06-30 06:30:00,106.670684,29.635736,317.864,V214线,5,2025-06-30 09:49:00,2025-06-30 10:14:00,7.773,10.2,,,,,大型面包车
2025-06-30,OM25062900005633,十二中队,2025-06-30 06:30:00,2025-06-30 07:00:00,106.674507,29.613793,403.7975,V214线,6,2025-06-30 10:20:00,2025-06-30 10:46:00,3.651,6.4,,,,,大型面包车
2025-06-30,OM25062700003857,重庆横河川仪有限公司,2025-06-30 07:10:00,2025-06-30 07:30:00,106.43982,29.667897,1622.664,V215线,1,2025-06-30 07:10:00,2025-06-30 08:06:00,10.567,10.2,51.419,260.23,2701563.0,2025-06-30 07:00:00,大型面包车
2025-06-30,OM25062700006456,两江新区北大资源凯思幼儿园-学生,2025-06-30 06:20:00,2025-06-30 06:45:00,106.538812,29.657252,235.198,V215线,2,2025-06-30 08:23:00,2025-06-30 08:47:00,14.263,17.9,,,,,大型面包车
2025-06-30,OM25062700006533,两江新区北大资源凯思幼儿园-老师,2025-06-30 06:20:00,2025-06-30 06:45:00,106.538812,29.657252,56.602,V215线,3,2025-06-30 08:48:00,2025-06-30 09:09:00,0.234,0.6,,,,,大型面包车
2025-06-30,OM25062900000521,太极涵菡渝北分公司-二楼外卖,2025-06-30 07:10:00,2025-06-30 07:30:00,106.491675,29.63761,103.876,V215线,4,2025-06-30 09:19:00,2025-06-30 09:40:00,6.039,10.2,,,,,大型面包车
2025-06-30,OM25062900003863,重庆万泰建设（集团）有限公司,2025-06-30 07:45:00,2025-06-30 08:05:00,106.538349,29.654665,268.324,V215线,5,2025-06-30 09:49:00,2025-06-30 10:13:00,5.837,9.0,,,,,大型面包车
2025-06-30,OM25062900005745,中国十九冶集团有限公司重庆分公司,2025-06-30 08:20:00,2025-06-30 08:40:00,106.508318,29.615037,343.399,V215线,6,2025-06-30 10:24:00,2025-06-30 10:49:00,6.854,10.2,,,,,大型面包车
2025-06-30,OM25062900006018,烤匠大融城,2025-06-30 08:40:00,2025-06-30 09:00:00,106.540047,29.582589,71.5,V215线,7,2025-06-30 10:59:00,2025-06-30 11:20:00,7.625,10.2,,,,,大型面包车
2025-06-30,OM25062700005109,中国石油集团川庆钻探工程有限公司重庆运输总公司,2025-06-30 05:40:00,2025-06-30 06:10:00,106.514249,29.582631,18.75,V216线,1,2025-06-30 05:40:00,2025-06-30 06:00:00,23.945,24.3,50.755,208.37,1344804.96,2025-06-30 05:16:00,大型面包车
2025-06-30,OM25062900005110,中国石油集团川庆钻探工程有限公司重庆运输总公司,2025-06-30 05:40:00,2025-06-30 06:10:00,106.514249,29.582631,791.477,V216线,2,2025-06-30 06:00:00,2025-06-30 06:35:00,0.0,0.0,,,,,大型面包车
2025-06-30,OW25062600000205,重庆市渝中区锦程小金星幼儿园-学生,2025-06-30 05:40:00,2025-06-30 06:00:00,106.51192,29.545792,318.3727,V216线,3,2025-06-30 06:47:00,2025-06-30 07:11:00,8.7,11.5,,,,,大型面包车
2025-06-30,OW25062600001162,交大幼-副食类,2025-06-30 06:30:00,2025-06-30 07:00:00,106.580033,29.494323,34.5838,V216线,4,2025-06-30 07:33:00,2025-06-30 07:54:00,14.822,21.8,,,,,大型面包车
2025-06-30,OW25062700000092,交大幼-荤食类,2025-06-30 06:30:00,2025-06-30 07:00:00,106.580033,29.494323,21.772,V216线,5,2025-06-30 07:54:00,2025-06-30 08:15:00,0.001,0.6,,,,,大型面包车
2025-06-30,OW25062900001007,重庆拓达建设（集团）有限公司,2025-06-30 07:10:00,2025-06-30 07:20:00,106.579601,29.502594,159.8495,V216线,6,2025-06-30 08:22:00,2025-06-30 08:44:00,3.287,7.0,,,,,大型面包车
2025-06-30,OM25062700006660,西南大学-南区幼儿,2025-06-30 06:30:00,2025-06-30 07:00:00,106.424981,29.816815,210.357,V217线,1,2025-06-30 06:30:00,2025-06-30 06:53:00,20.464,17.3,61.976,177.25,1560454.75,2025-06-30 06:13:00,大型面包车
2025-06-30,OM25062700007719,西南大学-南区老师,2025-06-30 06:30:00,2025-06-30 07:00:00,106.424981,29.816815,109.89,V217线,2,2025-06-30 06:54:00,2025-06-30 07:15:00,0.001,0.6,,,,,大型面包车
2025-06-30,OM25062900002264,中铁建生态环境有限公司-早餐,2025-06-30 06:20:00,2025-06-30 06:40:00,106.402117,29.80278,39.4587,V217线,3,2025-06-30 07:22:00,2025-06-30 07:42:00,3.435,6.4,,,,,大型面包车
2025-06-30,OM25062900004021,勤务学院六食堂,2025-06-30 06:30:00,2025-06-30 07:00:00,106.324651,29.635466,643.58,V217线,4,2025-06-30 08:01:00,2025-06-30 08:32:00,26.954,18.6,,,,,大型面包车
2025-06-30,OW25062900000166,重庆品谷谷餐饮有限公司,2025-06-30 06:00:00,2025-06-30 10:05:00,106.384825,29.676384,557.169,V217线,5,2025-06-30 08:41:00,2025-06-30 09:10:00,11.122,9.0,,,,,大型面包车
2025-06-30,OM25062700003827,重庆横河川仪有限公司,2025-06-30 07:10:00,2025-06-30 07:30:00,106.43982,29.667897,300.0,V218线,1,2025-06-30 07:10:00,2025-06-30 07:34:00,10.567,10.2,61.797,321.41,3167419.75,2025-06-30 07:00:00,大型面包车
2025-06-30,OM25062700005588,重庆市沙坪坝区阳光家园第一幼儿园_教师,2025-06-30 08:00:00,2025-06-30 08:01:00,106.453638,29.650345,222.9868,V218线,2,2025-06-30 08:00:00,2025-06-30 08:23:00,5.924,8.3,,,,,大型面包车
2025-06-30,OM25062800005374,快乐食间-老重大,2025-06-30 09:00:00,2025-06-30 09:30:00,106.465902,29.573581,900.0,V218线,3,2025-06-30 09:00:00,2025-06-30 09:38:00,12.379,12.2,,,,,大型面包车
2025-06-30,OM25062900004635,重庆市凤鸣山中学常温奶面包,2025-06-30 10:00:00,2025-06-30 10:01:00,106.455153,29.534966,992.448,V218线,4,2025-06-30 10:00:00,2025-06-30 10:40:00,8.907,14.1,,,,,大型面包车
2025-06-30,OM25062900005176,重庆市血液中心,2025-06-30 06:10:00,2025-06-30 06:30:00,106.449057,29.448701,473.2,V218线,5,2025-06-30 10:53:00,2025-06-30 11:20:00,11.661,13.4,,,,,大型面包车
2025-06-30,OM25062900005188,重庆市巴渝学校,2025-06-30 05:10:00,2025-06-30 05:30:00,106.473143,29.49352,248.794,V218线,6,2025-06-30 11:29:00,2025-06-30 11:52:00,6.67,8.3,,,,,大型面包车
2025-06-30,OW25062800001070,恒大小金星幼儿园-老师,2025-06-30 05:50:00,2025-06-30 06:10:00,106.453207,29.481983,29.991,V218线,7,2025-06-30 12:01:00,2025-06-30 12:21:00,5.689,8.3,,,,,大型面包车
2025-06-30,OM25062700002705,重庆两江新区嘉景湾幼儿园-老师餐,2025-06-30 06:00:00,2025-06-30 06:30:00,106.488323,29.702462,9.35,V231线,1,2025-06-30 06:00:00,2025-06-30 06:20:00,17.171,14.7,51.825,301.27,4557364.85,2025-06-30 05:45:00,4.2米
2025-06-30,OM25062700003714,重庆两江新区嘉景湾幼儿园-幼儿餐,2025-06-30 06:00:00,2025-06-30 06:30:00,106.488323,29.702462,43.311,V231线,2,2025-06-30 06:21:00,2025-06-30 06:41:00,0.001,0.6,,,,,4.2米
2025-06-30,OM25062700006431,中信银行股份有限公司重庆分行（日配）,2025-06-30 07:00:00,2025-06-30 07:15:00,106.577057,29.578312,3482.9018,V231线,3,2025-06-30 07:17:00,2025-06-30 08:59:00,21.52,35.2,,,,,4.2米
2025-06-30,OM25062900004932,烤匠IFS国金中心店,2025-06-30 08:40:00,2025-06-30 09:00:00,106.579994,29.583249,181.2,V231线,4,2025-06-30 08:59:00,2025-06-30 09:21:00,0.0,0.0,,,,,4.2米
2025-06-30,OM25062900005845,重庆市会展服务中心,2025-06-30 06:30:00,2025-06-30 06:35:00,106.533919,29.58656,743.702,V231线,5,2025-06-30 09:31:00,2025-06-30 10:05:00,6.853,9.6,,,,,4.2米
2025-06-30,OM25062900006049,重庆市生态环境监测中心-用品,2025-06-30 06:00:00,2025-06-30 06:20:00,106.498872,29.597912,96.9,V231线,6,2025-06-30 10:25:00,2025-06-30 10:47:00,6.28,20.5,,,,,4.2米
2025-06-30,OM25062700002382,地质勘察——早餐,2025-06-30 06:30:00,2025-06-30 06:59:00,106.47412,29.76077,3.211,V219线,1,2025-06-30 06:30:00,2025-06-30 06:50:00,20.41,20.5,95.027,247.26,793223.5,2025-06-30 06:10:00,大型面包车
2025-06-30,OM25062900000580,地质勘察——早餐,2025-06-30 06:30:00,2025-06-30 06:59:00,106.47412,29.76077,95.298,V219线,2,2025-06-30 06:51:00,2025-06-30 07:12:00,0.001,0.6,,,,,大型面包车
2025-06-30,OM25062900001939,依星酒店-客餐,2025-06-30 06:00:00,2025-06-30 06:20:00,106.617365,29.724688,138.778,V219线,3,2025-06-30 07:33:00,2025-06-30 07:55:00,21.396,21.1,,,,,大型面包车
2025-06-30,OM25062900002397,重庆市食品药品检验检测研究院-白案,2025-06-30 06:50:00,2025-06-30 07:00:00,106.521924,29.624062,211.05,V219线,4,2025-06-30 08:18:00,2025-06-30 08:41:00,22.024,22.4,,,,,大型面包车
2025-06-30,OM25062900003983,重庆远香房地产开发有限公司,2025-06-30 07:00:00,2025-06-30 07:30:00,106.491342,29.663581,121.951,V219线,5,2025-06-30 08:50:00,2025-06-30 09:12:00,7.624,9.6,,,,,大型面包车
2025-06-30,OM25062900004539,重庆南岸腾龙幼儿园,2025-06-30 06:30:00,2025-06-30 07:00:00,106.603476,29.585712,36.9855,V219线,6,2025-06-30 09:33:00,2025-06-30 09:54:00,23.572,21.1,,,,,大型面包车
2025-06-30,OM25062900005616,重庆南岸腾龙幼儿园,2025-06-30 06:30:00,2025-06-30 07:00:00,106.603476,29.585712,185.95,V219线,7,2025-06-30 09:54:00,2025-06-30 10:17:00,0.0,0.0,,,,,大型面包车
2025-06-30,OM25062700002528,重庆市沙坪坝区曾家镇人民政府,2025-06-30 07:00:00,2025-06-30 07:20:00,106.307813,29.55804,312.436,V220线,1,2025-06-30 07:00:00,2025-06-30 07:25:00,19.151,21.1,54.345,211.91,624264.0,2025-06-30 06:39:00,大型面包车
2025-06-30,OM25062800001623,重庆市公安局沙坪坝区分局交通巡逻警察支队勤务五大队,2025-06-30 08:00:00,2025-06-30 08:30:00,106.341044,29.605,136.755,V220线,2,2025-06-30 08:00:00,2025-06-30 08:22:00,8.617,12.2,,,,,大型面包车
2025-06-30,OM25062900004930,烤匠龙湖U城-员工餐,2025-06-30 08:40:00,2025-06-30 09:00:00,106.299863,29.614446,4.454,V220线,3,2025-06-30 08:40:00,2025-06-30 09:00:00,5.352,9.0,,,,,大型面包车
2025-06-30,OM25062900005900,重庆萤之森酒店管理有限公司,2025-06-30 06:00:00,2025-06-30 06:30:00,106.294148,29.646664,113.412,V220线,4,2025-06-30 09:11:00,2025-06-30 09:33:00,8.288,10.9,,,,,大型面包车
2025-06-30,OW25062700000058,天骄名城小金星幼儿园-老师,2025-06-30 05:50:00,2025-06-30 06:10:00,106.322559,29.587865,57.207,V220线,5,2025-06-30 09:50:00,2025-06-30 10:11:00,12.937,17.3,,,,,大型面包车
2025-06-30,OM25062700007627,佳华-学生,2025-06-30 05:30:00,2025-06-30 05:50:00,106.539246,29.599319,532.7445,V232线,1,2025-06-30 05:30:00,2025-06-30 05:58:00,24.68,29.4,93.001,248.37,1677738.75,2025-06-30 05:01:00,4.2米
2025-06-30,OM25062900002572,两江小博士幼儿园-学生,2025-06-30 05:50:00,2025-06-30 06:10:00,106.561772,29.607034,201.923,V232线,2,2025-06-30 06:12:00,2025-06-30 06:35:00,4.776,13.4,,,,,4.2米
2025-06-30,OM25062900003366,重庆国际物流枢纽园区-晚餐,2025-06-30 06:50:00,2025-06-30 07:10:00,106.39973,29.641279,231.282,V232线,3,2025-06-30 07:09:00,2025-06-30 07:33:00,29.701,34.6,,,,,4.2米
2025-06-30,OM25062900003553,陆军军医大学二食堂,2025-06-30 06:20:00,2025-06-30 06:50:00,106.444809,29.526202,400.0,V232线,4,2025-06-30 08:12:00,2025-06-30 08:38:00,30.212,39.0,,,,,4.2米
2025-06-30,OM25062900005686,重庆万家雅迪汽车销售服务有限公司,2025-06-30 06:00:00,2025-06-30 07:00:00,106.45994,29.53091,311.7892,V232线,5,2025-06-30 08:44:00,2025-06-30 09:09:00,3.632,6.4,,,,,4.2米
2025-06-30,OM25062700006255,安诚财产保险股份有限公司-2楼,2025-06-30 05:25:00,2025-06-30 05:45:00,106.57571,29.580888,10.45,V233线,1,2025-06-30 05:25:00,2025-06-30 05:45:00,31.389,37.1,166.199,348.03,2311706.5,2025-06-30 04:48:00,4.2米
2025-06-30,OM25062900000949,重庆市渝中区机关事务服务中心（奶BF）,2025-06-30 05:50:00,2025-06-30 06:10:00,106.575354,29.558923,21.984,V233线,2,2025-06-30 05:53:00,2025-06-30 06:13:00,3.794,7.7,,,,,4.2米
2025-06-30,OM25062900002642,重庆复旦中学附属幼儿园贰园-教师肉类,2025-06-30 06:00:00,2025-06-30 06:20:00,106.576256,29.557443,54.34,V233线,3,2025-06-30 06:15:00,2025-06-30 06:36:00,0.266,1.9,,,,,4.2米
2025-06-30,OM25062900003397,重庆国际物流枢纽园区-员工餐,2025-06-30 06:50:00,2025-06-30 07:10:00,106.39973,29.641279,1357.0445,V233线,4,2025-06-30 07:26:00,2025-06-30 08:15:00,34.643,49.9,,,,,4.2米
2025-06-30,OM25062900003877,重庆市公路数据服务中心（双桥基地）,2025-06-30 07:00:00,2025-06-30 07:30:00,105.807366,29.527033,738.586,V233线,5,2025-06-30 09:40:00,2025-06-30 10:13:00,96.106,85.1,,,,,4.2米
2025-06-30,OM25062900005066,公路数据双桥基地干副,2025-06-30 07:40:00,2025-06-30 08:10:00,105.807366,29.527033,129.302,V233线,6,2025-06-30 10:14:00,2025-06-30 10:36:00,0.001,0.6,,,,,4.2米
2025-06-30,OM25062700001639,重庆输油气,2025-06-30 09:00:00,2025-06-30 09:30:00,106.549654,29.612006,233.874,V234线,1,2025-06-30 09:00:00,2025-06-30 09:24:00,25.893,31.4,106.897,342.29,1485834.65,2025-06-30 08:29:00,4.2米
2025-06-30,OM25062700006452,一号楼,2025-06-30 06:30:00,2025-06-30 07:00:00,106.54485,29.416135,284.8808,V234线,2,2025-06-30 09:57:00,2025-06-30 10:22:00,25.515,33.9,,,,,4.2米
2025-06-30,OM25062700006537,一号楼,2025-06-30 06:30:00,2025-06-30 07:00:00,106.54485,29.416135,16.2,V234线,3,2025-06-30 10:22:00,2025-06-30 10:42:00,0.0,0.0,,,,,4.2米
2025-06-30,OM25062700007065,中电建重庆勘测设计研究院有限公司,2025-06-30 06:10:00,2025-06-30 06:40:00,106.516845,29.616736,475.737,V234线,4,2025-06-30 11:27:00,2025-06-30 11:55:00,27.363,45.4,,,,,4.2米
2025-06-30,OM25062900001261,重庆市公安局特勤局,2025-06-30 06:30:00,2025-06-30 06:50:00,106.519062,29.606843,226.07,V234线,5,2025-06-30 12:00:00,2025-06-30 12:24:00,1.6,5.8,,,,,4.2米
2025-06-30,OM25062900001340,川仪自动化股份-北环园区单位食堂,2025-06-30 07:20:00,2025-06-30 07:30:00,106.499084,29.620278,48.0,V234线,6,2025-06-30 12:34:00,2025-06-30 12:55:00,3.386,10.2,,,,,4.2米
2025-06-30,OM25062900004281,烤匠龙湖源著,2025-06-30 08:40:00,2025-06-30 09:00:00,106.49598,29.60528,171.315,V234线,7,2025-06-30 13:02:00,2025-06-30 13:25:00,2.751,7.7,,,,,4.2米
2025-06-30,OM25062900005911,重庆市住房公积金管理中心沙坪坝办事处,2025-06-30 09:00:00,2025-06-30 09:30:00,106.455863,29.603087,29.7579,V234线,8,2025-06-30 13:50:00,2025-06-30 14:11:00,20.389,25.6,,,,,4.2米
2025-06-30,OM25062700005980,重庆瑜煌电力设备制造有限公司-蔬菜,2025-06-30 07:00:00,2025-06-30 07:30:00,106.481465,29.771363,2219.668,V235线,1,2025-06-30 07:00:00,2025-06-30 08:10:00,26.02,24.3,100.992,301.11,3233384.0,2025-06-30 06:36:00,4.2米
2025-06-30,OM25062700006768,重庆市北碚区住房和城乡建设委员会,2025-06-30 06:20:00,2025-06-30 07:00:00,106.412223,29.811194,713.265,V235线,2,2025-06-30 08:37:00,2025-06-30 09:10:00,27.525,26.2,,,,,4.2米
2025-06-30,OM25062700007794,重庆市北碚区住房和城乡建设委员会,2025-06-30 06:20:00,2025-06-30 07:00:00,106.412223,29.811194,168.192,V235线,3,2025-06-30 09:10:00,2025-06-30 09:32:00,0.0,0.0,,,,,4.2米
2025-06-30,OM25062800000621,中信银行-金渝支行（日配）,2025-06-30 07:50:00,2025-06-30 08:15:00,106.532388,29.658287,17.938,V235线,4,2025-06-30 10:05:00,2025-06-30 10:25:00,35.198,32.6,,,,,4.2米
2025-06-30,OM25062900005012,中信银行-金渝支行（日配）,2025-06-30 07:50:00,2025-06-30 08:15:00,106.532388,29.658287,91.026,V235线,5,2025-06-30 10:25:00,2025-06-30 10:46:00,0.0,0.0,,,,,4.2米
2025-06-30,OM25062900005310,烤匠龙湖北城天街-员工餐,2025-06-30 08:40:00,2025-06-30 09:00:00,106.539845,29.583886,23.295,V235线,6,2025-06-30 11:16:00,2025-06-30 11:37:00,12.249,30.1,,,,,4.2米
2025-06-30,OM25062700007306,中铁建生态环境有限公司-早餐,2025-06-30 06:20:00,2025-06-30 06:40:00,106.402117,29.80278,14.28,V236线,1,2025-06-30 06:20:00,2025-06-30 06:40:00,18.724,15.4,84.806,234.22,2139353.14,2025-06-30 06:05:00,4.2米
2025-06-30,OM25062900000231,重庆市北碚区规划和自然资源局,2025-06-30 06:30:00,2025-06-30 06:50:00,106.408096,29.803608,540.677,V236线,2,2025-06-30 06:45:00,2025-06-30 07:13:00,1.657,4.5,,,,,4.2米
2025-06-30,OM25062900000322,川仪自动化股份-蔡家园区单位食堂,2025-06-30 07:20:00,2025-06-30 07:30:00,106.484414,29.754229,42.0,V236线,3,2025-06-30 07:34:00,2025-06-30 07:55:00,22.801,21.1,,,,,4.2米
2025-06-30,OM25062900006042,北碚中队,2025-06-30 08:20:00,2025-06-30 08:40:00,106.457473,29.727665,157.853,V236线,4,2025-06-30 08:20:00,2025-06-30 08:42:00,5.389,8.3,,,,,4.2米
2025-06-30,OW25062700000087,天骄名城小金星幼儿园-学生,2025-06-30 05:50:00,2025-06-30 06:10:00,106.322559,29.587865,1384.5431,V236线,5,2025-06-30 09:09:00,2025-06-30 09:59:00,36.235,26.9,,,,,4.2米
2025-06-30,OM25062700003786,重庆市江北区鱼嘴镇人民政府,2025-06-30 06:40:00,2025-06-30 07:00:00,106.767814,29.628511,701.456,V237线,1,2025-06-30 06:40:00,2025-06-30 07:13:00,57.815,52.5,122.526,312.08,1966672.5,2025-06-30 05:48:00,4.2米
2025-06-30,OM25062700005725,中信银行-金州支行（日配）,2025-06-30 08:10:00,2025-06-30 08:30:00,106.551843,29.650122,65.092,V237线,2,2025-06-30 08:10:00,2025-06-30 08:31:00,33.256,41.0,,,,,4.2米
2025-06-30,OM25062900004519,重庆市渝中区机关事务服务中心,2025-06-30 08:30:00,2025-06-30 09:00:00,106.575354,29.558923,538.0515,V237线,3,2025-06-30 09:06:00,2025-06-30 09:35:00,15.98,35.2,,,,,4.2米
2025-06-30,OM25062900005397,重庆市凤鸣山中学-1楼,2025-06-30 06:00:00,2025-06-30 06:01:00,106.455654,29.535218,50.2,V237线,4,2025-06-30 10:08:00,2025-06-30 10:29:00,15.474,33.3,,,,,4.2米
2025-06-30,OM25062900005443,重庆市凤鸣山中学-3楼,2025-06-30 06:00:00,2025-06-30 06:01:00,106.455654,29.535218,611.873,V237线,5,2025-06-30 10:29:00,2025-06-30 11:00:00,0.001,0.6,,,,,4.2米
2025-06-30,OM25062700006663,西南大学-北区幼儿,2025-06-30 07:00:00,2025-06-30 07:30:00,106.437744,29.834768,367.101,V238线,1,2025-06-30 07:00:00,2025-06-30 07:26:00,21.495,20.5,105.567,369.4,2204423.48,2025-06-30 06:40:00,4.2米
2025-06-30,OM25062700007722,西南大学-北区老师,2025-06-30 07:00:00,2025-06-30 07:30:00,106.437744,29.834768,148.62,V238线,2,2025-06-30 07:28:00,2025-06-30 07:50:00,1.422,2.6,,,,,4.2米
2025-06-30,OM25062700007769,重庆市江北区人民政府石马河街道办事处,2025-06-30 06:00:00,2025-06-30 06:30:00,106.48994,29.601242,26.0,V238线,3,2025-06-30 08:31:00,2025-06-30 08:51:00,40.118,40.3,,,,,4.2米
2025-06-30,OM25062900000479,重庆高速资产经营管理有限公司石油销售分公司,2025-06-30 06:10:00,2025-06-30 06:30:00,106.501284,29.585424,126.7675,V238线,4,2025-06-30 09:02:00,2025-06-30 09:24:00,3.12,10.9,,,,,4.2米
2025-06-30,OM25062900000535,太极涵菡渝北分公司-一楼,2025-06-30 07:10:00,2025-06-30 07:30:00,106.491675,29.63761,1285.235,V238线,5,2025-06-30 09:41:00,2025-06-30 10:28:00,8.139,17.3,,,,,4.2米
2025-06-30,OM25062900005452,慎安（重庆）医院-月子厨房,2025-06-30 08:15:00,2025-06-30 08:35:00,106.478899,29.642794,195.342,V238线,6,2025-06-30 10:34:00,2025-06-30 10:57:00,3.771,5.8,,,,,4.2米
2025-06-30,OM25062900005848,烤匠金沙天街,2025-06-30 08:40:00,2025-06-30 09:00:00,106.465319,29.560707,3.15,V238线,7,2025-06-30 11:19:00,2025-06-30 11:39:00,12.637,22.4,,,,,4.2米
2025-06-30,OM25062900006039,重庆市凤鸣山中学-1楼,2025-06-30 06:00:00,2025-06-30 06:01:00,106.455654,29.535218,31.208,V238线,8,2025-06-30 11:50:00,2025-06-30 12:10:00,4.645,10.2,,,,,4.2米
2025-06-30,OW25062600001201,重庆市渝中区锦程小金星幼儿园-学生,2025-06-30 05:40:00,2025-06-30 06:00:00,106.51192,29.545792,21.0,V238线,9,2025-06-30 12:29:00,2025-06-30 12:49:00,10.22,18.6,,,,,4.2米
2025-06-30,OM25062700006785,重庆市巴南不动产登记中心,2025-06-30 06:50:00,2025-06-30 07:10:00,106.543865,29.425925,367.479,V239线,1,2025-06-30 06:50:00,2025-06-30 07:16:00,45.098,57.0,170.583,450.17,2912420.78,2025-06-30 05:53:00,4.2米
2025-06-30,OM25062800000138,重庆市人口与家庭发展研究中心-耗材,2025-06-30 06:40:00,2025-06-30 07:00:00,106.609065,29.657856,2.0,V239线,2,2025-06-30 08:23:00,2025-06-30 08:43:00,50.409,67.8,,,,,4.2米
2025-06-30,OM25062800005235,重庆两江新区启星幼儿园,2025-06-30 07:00:00,2025-06-30 07:30:00,106.559528,29.670285,119.7563,V239线,3,2025-06-30 09:05:00,2025-06-30 09:27:00,13.317,21.8,,,,,4.2米
2025-06-30,OM25062900000358,重庆中兴软件有限责任公司,2025-06-30 07:00:00,2025-06-30 07:30:00,106.518746,29.625885,67.325,V239线,4,2025-06-30 09:51:00,2025-06-30 10:12:00,10.436,23.7,,,,,4.2米
2025-06-30,OM25062900004499,两江新区第一人民医院,2025-06-30 07:00:00,2025-06-30 07:30:00,106.538168,29.628559,1996.3155,V239线,5,2025-06-30 10:25:00,2025-06-30 11:30:00,4.614,13.4,,,,,4.2米
2025-06-30,OM25062900004937,烤匠龙湖北城天街,2025-06-30 08:40:00,2025-06-30 09:00:00,106.539845,29.583886,35.875,V239线,6,2025-06-30 11:49:00,2025-06-30 12:10:00,7.095,19.2,,,,,4.2米
2025-06-30,OM25062900005144,中铁建生态环境有限公司-员工餐,2025-06-30 06:20:00,2025-06-30 06:40:00,106.402117,29.80278,323.67,V239线,7,2025-06-30 12:58:00,2025-06-30 13:23:00,39.614,48.6,,,,,4.2米
2025-06-30,OM25062700006266,安诚财产保险股份有限公司-2楼,2025-06-30 05:25:00,2025-06-30 05:45:00,106.57571,29.580888,8.505,V240线,1,2025-06-30 05:25:00,2025-06-30 05:45:00,31.389,37.1,106.822,346.94,1529297.0,2025-06-30 04:48:00,4.2米
2025-06-30,OM25062900001946,重庆市渝中区机关事务服务中心（奶）,2025-06-30 05:50:00,2025-06-30 06:10:00,106.575354,29.558923,183.84,V240线,2,2025-06-30 05:53:00,2025-06-30 06:16:00,3.794,7.7,,,,,4.2米
2025-06-30,OM25062900002645,重庆复旦中学附属幼儿园贰园-教师蔬菜类,2025-06-30 06:00:00,2025-06-30 06:20:00,106.576256,29.557443,125.755,V240线,3,2025-06-30 06:17:00,2025-06-30 06:39:00,0.266,1.9,,,,,4.2米
2025-06-30,OM25062900003159,中信银行股份有限公司重庆大渡口支行（日配）,2025-06-30 06:00:00,2025-06-30 06:30:00,106.48727,29.48285,106.6,V240线,4,2025-06-30 07:09:00,2025-06-30 07:31:00,14.33,30.1,,,,,4.2米
2025-06-30,OM25062900003372,重庆国际物流枢纽园区-早餐,2025-06-30 06:50:00,2025-06-30 07:10:00,106.39973,29.641279,142.572,V240线,5,2025-06-30 08:21:00,2025-06-30 08:43:00,41.684,49.9,,,,,4.2米
2025-06-30,OM25062900004601,勤务学院一食堂,2025-06-30 06:30:00,2025-06-30 07:00:00,106.324651,29.635466,471.05,V240线,6,2025-06-30 08:58:00,2025-06-30 09:26:00,15.356,15.4,,,,,4.2米
2025-06-30,OM25062900004604,八食堂,2025-06-30 06:30:00,2025-06-30 07:00:00,106.324651,29.635466,32.65,V240线,7,2025-06-30 09:26:00,2025-06-30 09:47:00,0.001,0.6,,,,,4.2米
2025-06-30,OM25062900005096,勤务学院三食堂,2025-06-30 06:30:00,2025-06-30 07:00:00,106.324651,29.635466,303.925,V240线,8,2025-06-30 09:47:00,2025-06-30 10:12:00,0.001,0.6,,,,,4.2米
2025-06-30,OM25062900005699,四食堂,2025-06-30 06:30:00,2025-06-30 07:00:00,106.324651,29.635466,154.4,V240线,9,2025-06-30 10:13:00,2025-06-30 10:35:00,0.001,0.6,,,,,4.2米
2025-06-30,OM25062700006632,重庆市巴南区土地整治储备中心,2025-06-30 06:30:00,2025-06-30 06:40:00,106.54746,29.415515,327.3478,V036线,1,2025-06-30 06:30:00,2025-06-30 06:55:00,45.581,45.4,104.906,256.42,3113041.625,2025-06-30 05:45:00,大型面包车
2025-06-30,OM25062700006783,巴南不动产登记中心-干副粮油,2025-06-30 06:50:00,2025-06-30 07:10:00,106.543865,29.425925,81.8609,V036线,2,2025-06-30 07:01:00,2025-06-30 07:22:00,2.668,5.8,,,,,大型面包车
2025-06-30,OM25062900000365,重庆市綦江区益恒环保科技有限公司,2025-06-30 07:00:00,2025-06-30 10:10:00,106.648847,29.089485,303.833,V036线,3,2025-06-30 08:21:00,2025-06-30 08:46:00,56.657,59.5,,,,,大型面包车
2025-06-30,OM25063000002946,湖北永辉中百超市有限公司,2025-06-30 01:47:00,2025-06-30 18:47:00,114.203176,30.610257,2400.0,V036线,4,2025-06-30 08:46:00,2025-06-30 10:01:00,0.0,0.0,,,,,大型面包车
2025-06-30,OM25062700006676,西南医院幼儿园,2025-06-30 05:30:00,2025-06-30 06:00:00,106.453589,29.540679,489.92,V228线,1,2025-06-30 05:30:00,2025-06-30 05:57:00,28.093,34.6,43.299,335.8,6113353.675,2025-06-30 04:55:00,4.2米
2025-06-30,OM25062700006694,西南医院幼儿园,2025-06-30 05:30:00,2025-06-30 06:00:00,106.453589,29.540679,627.9842,V228线,2,2025-06-30 05:57:00,2025-06-30 06:28:00,0.0,0.0,,,,,4.2米
2025-06-30,OM25062700007409,中国铁路成都局集团有限公司重庆建设指挥部,2025-06-30 06:30:00,2025-06-30 06:50:00,106.448115,29.518068,641.7754,V228线,3,2025-06-30 06:37:00,2025-06-30 07:08:00,3.743,9.0,,,,,4.2米
2025-06-30,OM25062900002399,重庆市沙坪坝区养老服务中心（重庆市沙坪坝区福利院）,2025-06-30 07:00:00,2025-06-30 07:30:00,106.45324,29.538004,154.665,V228线,4,2025-06-30 07:16:00,2025-06-30 07:38:00,3.45,7.7,,,,,4.2米
2025-06-30,OM25062900003068,中信银行股份有限公司重庆沙坪坝支行（日配）,2025-06-30 07:30:00,2025-06-30 08:00:00,106.470524,29.558169,103.073,V228线,5,2025-06-30 07:51:00,2025-06-30 08:12:00,5.586,12.8,,,,,4.2米
2025-06-30,OM25062900004083,重庆一中二食堂-小卖部,2025-06-30 07:20:00,2025-06-30 09:30:00,106.473318,29.565592,495.936,V228线,6,2025-06-30 08:19:00,2025-06-30 08:46:00,2.427,6.4,,,,,4.2米
2025-06-30,OM25063000002950,湖北永辉中百超市有限公司,2025-06-30 01:47:00,2025-06-30 18:47:00,114.203176,30.610257,3600.0,V228线,7,2025-06-30 08:46:00,2025-06-30 10:31:00,0.0,0.0,,,,,4.2米
2025-06-30,OM25063000003912,陕西永辉超市有限公司,2025-06-30 12:00:00,2025-06-30 17:00:00,108.895401,34.24374,8400.0,V223线,1,2025-06-30 12:00:00,2025-06-30 15:45:00,928.722,797.4,928.722,1022.44,8400000.0,2025-06-30 -2:43:00,4.2米
2025-06-30,OM25063000003919,陕西永辉超市有限公司,2025-06-30 12:00:00,2025-06-30 19:00:00,108.895401,34.24374,1200.0,V018线,1,2025-06-30 12:00:00,2025-06-30 12:45:00,902.119,734.7,902.119,779.72,1200000.0,2025-06-30 -1:45:00,小型面包车
2025-06-30,OM25063000002938,成都永辉商业发展有限公司CQ,2025-06-30 18:36:00,2025-06-30 21:36:00,104.121661,30.960375,10200.0,V221线,1,2025-06-30 18:36:00,2025-06-30 23:06:00,345.789,274.6,345.789,544.56,10200000.0,2025-06-30 14:01:00,4.2米
2025-06-30,OM25063000002938,成都永辉商业发展有限公司CQ,2025-06-30 18:36:00,2025-06-30 21:36:00,104.121661,30.960375,10200.0,V222线,1,2025-06-30 18:36:00,2025-06-30 23:06:00,345.789,274.6,345.789,544.56,10200000.0,2025-06-30 14:01:00,4.2米
2025-06-30,OM25063000003924,北京永辉商业有限公司,2025-06-30 09:00:00,2025-06-30 19:00:00,116.238701,39.899425,10200.0,V224线,1,2025-06-30 09:00:00,2025-06-30 13:30:00,2120.943,1741.4,2120.943,2011.44,10200000.0,2025-06-30 -21:59:00,4.2米
2025-06-30,OM25063000003924,北京永辉商业有限公司,2025-06-30 09:00:00,2025-06-30 19:00:00,116.238701,39.899425,10200.0,V225线,1,2025-06-30 09:00:00,2025-06-30 13:30:00,2120.943,1741.4,2120.943,2011.44,10200000.0,2025-06-30 -21:59:00,4.2米
2025-06-30,OM25063000003924,北京永辉商业有限公司,2025-06-30 09:00:00,2025-06-30 19:00:00,116.238701,39.899425,10200.0,V226线,1,2025-06-30 09:00:00,2025-06-30 13:30:00,2120.943,1741.4,2120.943,2011.44,10200000.0,2025-06-30 -21:59:00,4.2米
2025-06-30,OM25063000003924,北京永辉商业有限公司,2025-06-30 09:00:00,2025-06-30 19:00:00,116.238701,39.899425,7800.0,V227线,1,2025-06-30 09:00:00,2025-06-30 12:30:00,2120.943,1741.4,2120.943,1951.44,7800000.0,2025-06-30 -21:59:00,4.2米
